set,idx,status,latency_ms,evidence_count,top_score,top_title,question,answer
基础概念与实务100,1,OK,28553,6,0.4972858994422354,财政部关于在政府采购活动中落实平等对待内外资企业有关政策的通知（财库〔2021〕35号）,什么是政府采购？,"**结论：**
　政府采购是指各级国家机关、事业单位和团体组织，使用财政性资金采购依法制定的集中采购目录以内的或者采购限额标准以上的货物、工程和服务的行为。

**核心要求清单：**
　1. 采购主体：各级国家机关、事业单位和团体组织
　2. 资金来源：财政性资金
　3. 采购对象：货物、工程和服务
　4. 采购方式：须符合法定方式（公开招标、邀请招标、竞争性谈判、竞争性磋商、询价、单一来源采购等）
　5. 基本原则：公平竞争、公正和诚实信用

**依据条款：**
- 《中华人民共和国政府采购法》第二条——虽然依据中未直接列出完整条款，但证据1（财库〔2021〕35号）明确指出“各级预算单位应当严格执行《中华人民共和国政府采购法》”，该法第二条对政府采购作出了定义性规定
- 《中华人民共和国政府采购法实施条例》第七条——规定了政府采购工程以及与工程建设有关的货物、服务适用政府采购法的情形

**适用条件：**
- 采购标的属于集中采购目录以内，或达到采购限额标准以上
- 采购活动须落实政府采购政策（如支持创新、绿色发展、中小企业发展等）

**风险提示：**
- 依据中未提供《政府采购法》原文的具体条款定义，建议查阅该法第二条完整内容以获得最权威的定义"
基础概念与实务100,2,OK,66387,2,0.7139771724558218,关于印发《政府购买服务管理办法（暂行）》的通知（财综[2014]96号） 第三条 （一）（财综〔2014〕96号）,政府采购的基本原则有哪些？,"## 结论

根据现有依据，政府采购（含政府购买服务）应遵循以下基本原则：

## 核心要求清单

根据《关于印发〈政府购买服务管理办法（暂行）〉的通知》（财综〔2014〕96号）第三条规定，政府购买服务遵循以下**四项基本原则**：

1. **积极稳妥，有序实施**——从实际出发，准确把握社会公共服务需求，充分发挥政府主导作用，探索多种有效方式，加大社会组织承接政府购买服务支持力度，增强社会组织平等参与承接政府购买公共服务的能力，有序引导社会力量参与服务供给，形成改善公共服务的合力。

2. **科学安排，注重实效**——突出公共性和公益性，重点考虑、优先安排与改善民生密切相关、有利于转变政府职能的领域和项目，明确权利义务，切实提高财政资金使用效率。

3. **公开择优，以事定费**——按照公开、公平、公正原则，坚持费随事转，通过公平竞争择优选择方式确定政府购买服务的承接主体，建立优胜劣汰的动态调整机制。

4. **改革创新，完善机制**——坚持与事业单位改革、社会组织改革相衔接，推进政事分开、政社分开，放宽市场准入，凡是社会能办好的，都交给社会力量承担，不断完善体制机制。

## 依据条款

- **条款**：第三条第一款第（一）项至第（四）项
- **来源法规**：关于印发《政府购买服务管理办法（暂行）》的通知（财综〔2014〕96号）

## 适用条件

上述四项原则适用于**政府购买服务**活动，属于政府采购的组成部分。根据《中华人民共和国政府采购法》第三条，政府采购应当遵循公开透明、公平竞争、公正和诚实信用原则。证据1中的四项原则是对政府采购基本原则在政府购买服务领域的具体化体现。

## 风险提示

- 现有依据仅涉及**政府购买服务**的基本原则，未涵盖全部政府采购活动的基本原则
- 如需完整的政府采购基本原则，需援引《政府采购法》及相关配套法规
- 地方性文件（如证据2中的扬财购〔2022〕25号）主要规定采购人责任，未对基本原则作出系统性规定"
基础概念与实务100,3,OK,31713,5,0.6332213838285481,中华人民共和国政府采购法实施条例（中华人民共和国国务院令 第658号） 第二条,什么是采购人？,"## 1. 结论

**采购人**是指使用财政性资金，通过政府采购方式向供应商购买货物、工程和服务的国家机关、事业单位和团体组织。

## 2. 核心要求清单

- 主体资格：必须是国家机关、事业单位或团体组织
- 资金来源：使用财政性资金（纳入预算管理的资金）
- 采购范围：依法制定的集中采购目录以内的或采购限额标准以上的货物、工程和服务
- 采购方式：须通过政府采购方式进行

## 3. 依据条款

- **条款**：第二条第二款  
  **来源法规**：《中华人民共和国政府采购法》

- **条款**：第二条  
  **来源法规**：《中华人民共和国政府采购法实施条例》

- **条款**：第1.1款（1）  
  **来源法规**：《关于印发〈政府采购货物买卖合同（试行）〉的通知（财办库〔2024〕84号）》

- **条款**：第二条  
  **来源法规**：《自主创新产品政府采购预算管理办法》

## 4. 适用条件

- 采购项目使用财政性资金
- 采购项目属于集中采购目录以内或达到采购限额标准
- 采购标的为货物、工程或服务

## 5. 风险提示

- 使用非财政性资金进行采购不属于《政府采购法》调整范围
- 财政性资金与非财政性资金无法分割采购的，须统一适用政府采购法
- 以财政性资金作为还款来源的借贷资金，视同财政性资金"
基础概念与实务100,4,OK,65331,6,0.44542396024147407,财政部关于印发《政府采购竞争性磋商采购方式管理暂行办法》的通知-财库〔2014〕214号 第二条,什么是供应商？,"1. **结论**
   现有证据中未找到对“供应商”概念的明确法律定义。证据仅在多处使用“供应商”这一术语，但未对其内涵进行界定。

2. **依据条款**
   - 《中华人民共和国政府采购法》第二十一条：“本法所称供应商，是指向采购人提供货物、工程或者服务的法人、其他组织或者自然人。”
   - 《中华人民共和国政府采购法实施条例》（国务院令第658号）虽在第九条涉及供应商的回避情形，但亦未重新定义。

3. **适用条件**
   根据《政府采购法》第二十一条，供应商的定义为：
   - 主体类型：法人、其他组织或者自然人
   - 行为特征：向采购人提供货物、工程或者服务

4. **不确定点**
   - 证据1至6中均未出现“供应商”定义条款，仅在使用该术语
   - 证据6（国务院令第658号第九条）虽涉及供应商的利害关系回避，但属于管理性规定，非定义性条款
   - 建议查阅《政府采购法》原文获取正式定义"
基础概念与实务100,5,OK,34304,6,0.5164907532512399,财政部关于印发《政府和社会资本合作项目政府采购管理办法》的通知 第七条（财库〔2014〕215号）,什么是采购代理机构？,"## 结论

采购代理机构是指接受采购人委托，具体组织政府采购货物、工程和服务采购活动的专业机构。根据给定依据，主要分为**集中采购机构**（依法设立的非营利事业法人）和**社会代理机构**（依法取得代理资格的市场主体）两类。

## 核心要求清单

1. **资质要求**：集中采购机构为非营利事业法人；社会代理机构需依法取得代理资格
2. **职责要求**：
   - 成立评审小组，组织资格预审和评审工作（财库〔2014〕215号第七条）
   - 采取必要措施禁止无关人员进入评审现场（财办库〔2022〕192号第十二条）
   - 认真核对评审结果（财办库〔2022〕192号第十三条）
   - 按规定对评审活动全程录音、录像（财办库〔2022〕192号第十四条）
   - 人员服务过程细致耐心，严格规范（财办库〔2022〕192号第十五条）
   - 按规定向评审专家支付劳务报酬（财办库〔2022〕192号第十六条）
3. **内部管理制度**：须建立工作岗位责任制度、工作人员执业守则、员工培训管理制度、采购文件编制审核制度等（扬财购〔2020〕34号）
4. **禁止行为**：集中采购机构不得从事营利活动（政府采购法实施条例第六十九条第三项）

## 依据条款

1. **条款**：第七条；**来源法规**：财政部关于印发《政府和社会资本合作项目政府采购管理办法》的通知（财库〔2014〕215号）
2. **条款**：第六十九条；**来源法规**：中华人民共和国政府采购法实施条例（国务院令第658号）
3. **条款**：第十二条至第十六条；**来源法规**：关于在中央预算单位开展政府采购评审专家和采购代理机构履职评价试点工作的通知（财办库〔2022〕192号）
4. **条款**：第三条；**来源法规**：政府采购非招标采购方式管理办法（财政部令第74号）

## 适用条件

- 适用于依法必须进行政府采购的货物、工程和服务项目
- 采购人可委托采购代理机构代理采购事宜
- 采购代理机构须在采购人委托范围内开展工作

## 风险提示

- 集中采购机构若从事营利活动，将被财政部门责令改正，没收违法所得
- 采购代理机构须严格遵守评审纪律，否则将影响履职评价结果"
基础概念与实务100,6,OK,34369,4,0.7172384113027891,中华人民共和国政府采购法实施条例（中华人民共和国国务院令 第658号） 第十二条,什么是集中采购机构？,"## 1. 结论

集中采购机构是设区的市级以上人民政府依法设立的非营利事业法人，是代理集中采购项目的执行机构。

## 2. 核心要求清单

- **设立主体**：由设区的市级以上人民政府依法设立
- **组织性质**：非营利事业法人
- **主要职责**：根据采购人委托制定集中采购项目的实施方案，明确采购规程，组织政府采购活动
- **禁止行为**：不得将集中采购项目转委托
- **考核监督**：财政部门定期对集中采购机构进行考核，考核结果有重要情况的应向本级人民政府报告

## 3. 依据条款

- **条款**：第十二条第二款；**来源法规**：中华人民共和国政府采购法实施条例
- **条款**：第十六条；**来源法规**：中华人民共和国政府采购法

## 4. 适用条件

- 适用于设区的市、自治州以上人民政府根据本级政府采购项目组织集中采购的需要设立集中采购机构的场合
- 集中采购机构根据采购人的委托办理采购事宜

## 5. 风险提示

- 集中采购机构在政府采购监督管理部门考核中，虚报业绩、隐瞒真实情况的，处以二万元以上二十万元以下的罚款，并予以通报；情节严重的，取消其代理采购的资格（依据：政府采购法第八十二条）
- 财政部门对集中采购机构的考核事项包括：政府采购政策执行情况、采购文件编制水平、采购方式和采购程序执行情况、询问质疑答复情况、内部监督管理制度建设及执行情况等（依据：政府采购法实施条例第六十六条）"
基础概念与实务100,7,OK,61787,6,0.3528392749985403,关于印发江苏省2025年政府集中采购目录（扬财购〔2024〕16号）,什么是政府集中采购目录？,"1) 结论

政府集中采购目录是县级以上人民政府根据《政府采购法》规定，按照“依法规范、简政放权、体现政策”的基本原则确定的、必须委托集中采购机构代理采购的政府采购项目清单。目录内项目必须按规定委托集中采购机构代理采购，以发挥集中采购优势，提高政府采购效率。

2) 核心要求清单

- 目录内项目必须委托集中采购机构代理采购
- 目录由省级以上人民政府或其授权的财政部门制定
- 目录实行全省统一（江苏省从2021年起取消市县级目录，实行全省统一）
- 目录随年度发布，有限期内执行（如江苏省2025年目录自2025年1月1日起施行）

3) 依据条款

- **《中华人民共和国政府采购法》第七条**：列入集中采购目录的政府采购项目，应当实行集中采购。
- **《中华人民共和国政府采购法》第二条**：本法所称集中采购，是指采购人将列入集中采购目录的项目委托集中采购机构代理采购的行为。
- **《关于印发江苏省2025年政府集中采购目录及标准的通知》（苏财购〔2024〕150号）**：为规范集中采购范围，发挥集中采购优势，提高政府采购效率，现将《江苏省2025年政府集中采购目录及标准》印发给你们。

4) 适用条件

- 采购人采购属于集中采购目录内的货物和服务项目，应当依法委托集中采购机构代理采购
- 集中采购目录以外且达到分散采购限额标准的项目，实行分散采购
- 集中采购目录以外且未达到分散采购限额标准的项目，可通过网上商城等渠道采购

5) 风险提示

- 擅自采购目录内项目未委托集中采购机构，可能违反政府采购法关于集中采购的强制性规定
- 各地分散采购限额标准可能不同（如江苏省货物服务类50万元、工程类60万元，外省可能存在差异）
- 框架协议采购有特定限额标准（如江苏省框架协议采购限额标准为50万元不含）"
基础概念与实务100,8,OK,41571,6,0.5170892680249329,财政部关于印发《政府采购代理机构管理暂行办法》的通知-财库〔2018〕2号 第十五条,什么是政府采购限额标准？,"## 结论

政府采购限额标准是指由省级以上人民政府依法公布的，用于界定政府采购法适用范围的金额门槛。采购金额达到该标准以上的货物、工程和服务采购行为，须依照《政府采购法》相关规定执行。

## 核心要求清单

1. **门槛界定**：采购限额标准是划分政府采购与非政府采购的法定界限
2. **资金来源**：使用财政性资金
3. **适用情形**：采购集中采购目录以外的，且达到限额标准以上的货物、工程和服务
4. **标准制定**：由省级以上人民政府公布（国务院或省级财政部门具体制定）
5. **执行要求**：达到限额标准的项目须按政府采购法规执行

## 依据条款

- **条款**：第二条第二款
  > 本法所称政府采购，是指各级国家机关、事业单位和团体组织，使用财政性资金采购依法制定的**集中采购目录以内的或者采购限额标准以上的**货物、工程和服务的行为。
  
  > 政府集中采购目录和采购限额标准依照本法规定的权限制定。
  > **来源法规**：中华人民共和国政府采购法

- **条款**：第八条第二项
  > 省级以上人民政府公布的**集中采购目录、政府采购限额标准和公开招标数额标准**
  > **来源法规**：政府采购信息公告管理办法

## 适用条件

| 条件 | 说明 |
|------|------|
| 主体 | 各级国家机关、事业单位和团体组织 |
| 资金 | 使用财政性资金 |
| 对象 | 货物、工程和服务 |
| 金额标准 | 达到省级以上人民政府公布的采购限额标准 |

**地方示例**（江苏省2025年标准）：
- 货物、服务类：省本级100万元；其他市县50万元
- 工程类：省本级100万元；市县60万元

## 风险提示

- 未达到采购限额标准的采购，不强制适用政府采购法，但仍须遵守相关财务管理规定
- 达到限额标准而未按政府采购程序执行的，可能面临财政处理处罚"
基础概念与实务100,9,OK,64998,6,0.4817754362053089,关于印发《政府购买服务管理办法（暂行）》的通知（财综[2014]96号） 第二条（财综〔2014〕96号）,什么是政府购买服务？,"## 结论

政府购买服务是指通过发挥市场机制作用，把政府直接提供的一部分公共服务事项以及政府履职所需服务事项，按照一定的方式和程序，交由具备条件的社会力量和事业单位承担，并由政府根据合同约定向其支付费用的活动。

## 核心要求清单

1. **购买主体**：政府及其部门、参照公务员法管理的事业单位
2. **承接主体**：具备条件的社会力量和事业单位
3. **购买方式**：按照公开、公平、公正原则，通过公平竞争择优选择
4. **费用支付**：费随事转，政府根据合同约定向承接主体支付费用
5. **期限限制**：应严格限定在年度预算和中期财政规划期限内
6. **信息公开**：年度预算中政府购买服务总金额、项目信息需向社会公开
7. **禁止事项**：不得通过政府购买服务变相举债或违法违规融资

## 依据条款

1. **定义条款**：政府购买服务是指通过发挥市场机制作用，把政府直接提供的一部分公共服务事项以及政府履职所需服务事项，按照一定的方式和程序，交由具备条件的社会力量和事业单位承担，并由政府根据合同约定向其支付费用；购买服务范围应当根据政府职能性质确定，并与经济社会发展水平相适应；属于事务性管理服务的，应当引入竞争机制，通过政府购买服务方式提供。
   - 来源法规：《政府购买服务管理办法（暂行）》第二条

2. **基本原则**：积极稳妥、有序实施；科学安排、注重实效；公开择优、以事定费；改革创新、完善机制。
   - 来源法规：《政府购买服务管理办法（暂行）》第三条

3. **购买主体资格**：完全或主要承担行政职能的事业单位可以比照政府行政部门，作为政府购买服务的购买主体。
   - 来源法规：《关于做好事业单位政府购买服务改革工作的意见》第一条

4. **禁止纳入范围**：不属于政府职责范围的事项、应当由政府直接履职的事项、货物和工程及打包项目、融资行为、人员招聘用及劳务派遣等事项不得纳入政府购买服务范围。
   - 来源法规：《政府购买服务管理办法》第十条

5. **期限及预算要求**：政府购买服务期限应严格限定在年度预算和中期财政规划期限内；购买服务资金应当在年度预算和中期财政规划中安排。
   - 来源法规：《关于坚决制止地方以政府购买服务名义违法违规融资的通知》

6. **信息公开要求**：年度预算中政府购买服务总金额、纳入中期财政规划的购买服务总金额及项目有关预算信息，应按规定及时向社会公开。
   - 来源法规：《关于坚决制止地方以政府购买服务名义违法违规融资的通知》

## 适用条件

1. 适用于政府职能范围内的公共服务事项和履职所需服务事项
2. 适用于事务性管理服务，应当引入竞争机制
3. 购买服务应与改善民生密切相关、有利于转变政府职能
4. 承接主体需具备相应能力和条件，通过公平竞争方式确定

## 风险提示

1. **合规风险**：不得利用或虚构政府购买服务合同违法违规融资
2. **变相举债风险**：不得通过政府购买服务向金融机构、融资租赁公司等非金融机构进行融资，不得以任何方式虚构或超越权限签订应付（收）账款合同帮助企业融资
3. **期限超期风险**：购买服务期限不得超过中期财政规划期限
4. **信息公开不完整风险**：未按规定公开购买服务信息可能导致合规问题"
基础概念与实务100,10,OK,42829,6,0.34937194268130667,政府采购促进中小企业发展管理办法 第四条 （一）（财库〔2020〕46号）,什么是货物采购？,"1) 结论
  货物采购是指采购人购买有形物品的采购类型，属于政府采购三大类别（货物、工程、服务）之一。在政府采购中，货物采购是指采购用于办公、教学、科研、医疗等用途的有形产品。

 2) 核心要求清单
 - 货物采购是政府采购的基本类型，与工程采购、服务采购并列
 - 货物采购可以采用公开招标、竞争性谈判、单一来源采购、询价、竞争性磋商等多种方式
 - 采购人应根据项目特点选择合适的采购方式
 - 采购的货物属于中小企业制造的，可享受中小企业扶持政策

 3) 依据条款
 - 条款：第四条（一）；来源法规：《政府采购促进中小企业发展管理办法》
 - 条款：第二条；来源法规：《政府采购非招标采购方式管理办法(财政部令第74号)》
 - 条款：第二条；来源法规：《财政部关于印发<政府采购竞争性磋商采购方式管理暂行办法>的通知（财库〔2014〕214号）》
 - 条款：第九条；来源法规：《财政部关于印发<政务信息系统政府采购管理暂行办法>的通知（财库〔2017〕210号）》
 - 条款：第二十七条；来源法规：《中华人民共和国政府采购法》

 4) 适用条件
 - 采购标的为有形物品（如设备、办公用品、建材等）
 - 采购标的属于可移动、可交付的物品
 - 采购项目属性为""货物""而非""工程""或""服务""

 5) 风险提示
 - 项目属性界定错误可能导致采购方式选择不当，引发合规风险
 - 货物采购中若同时包含大企业制造的货物，则无法享受中小企业扶持政策
 - 采购方式选择应符合法定条件，否则可能因程序违法导致采购结果无效"
基础概念与实务100,11,OK,31334,6,0.4520904014778377,政府采购需求管理办法 第十一条 （一）（财库〔2021〕22号）,什么是服务采购？,"## 结论

**服务采购**是指采购人购买除货物和工程以外的其他政府采购对象的行为。根据《政府采购促进中小企业发展管理办法》第四条的规定，服务由中小企业承接的具体标准是：提供服务的人员为中小企业依照《中华人民共和国劳动合同法》订立劳动合同的从业人员。

## 核心要求清单

1. **服务采购的定义**：指购买除货物和工程以外的其他政府采购对象的行为
2. **服务由中小企业承接的认定标准**：提供服务的人员须为中小企业依《劳动合同法》订立劳动合同的从业人员
3. **达到公开招标数额标准的货物或服务采购项目**：竞争性谈判小组应由5人以上单数组成

## 依据条款

1. 条款：在政府采购活动中，供应商提供的货物、工程或者服务符合下列情形的，享受本办法规定的中小企业扶持政策：（三）在服务采购项目中，服务由中小企业承接，即提供服务的人员为中小企业依照《中华人民共和国劳动合同法》订立劳动合同的从业人员。
   来源法规：《政府采购促进中小企业发展管理办法》第四条

2. 条款：达到公开招标数额标准的货物或者服务采购项目，或者达到招标规模标准的政府采购工程，竞争性谈判小组应当由5人以上单数组成。
   来源法规：《政府采购非招标采购方式管理办法》第七条

3. 条款：超过200万元的货物和服务采购项目、超过400万元的工程采购项目中适宜由中小企业提供的，预留该部分采购项目预算总额的30%以上专门面向中小企业采购。
   来源法规：《政府采购促进中小企业发展管理办法》第八条

## 适用条件

1. 服务采购项目达到1000万元以上，需按《政府采购需求管理办法》第十一条规定开展需求调查
2. 涉及公共利益、社会关注度较高的公共服务项目需开展需求调查
3. 技术复杂、专业性较强的服务采购项目，需包含1名法律专家

## 风险提示

- 以联合体形式参加服务采购时，联合体各方须均为中小企业方可享受扶持政策
- 组成联合体或接受分包合同的企业之间不得存在直接控股、管理关系
- 公开招标数额标准的服务项目，投标供应商不足三家时需按竞争性谈判方式采购"
基础概念与实务100,12,OK,28271,6,0.44706659184680425,政府采购需求管理办法 第十一条 （一）（财库〔2021〕22号）,什么是工程采购？,"## 结论

工程采购是指政府采购中涉及建设工程的采购活动，包括建筑物和构筑物的新建、改建、扩建及其相关的装修、拆除、修缮等工程。

## 核心要求清单

1. **工程定义范围**：指建设工程，包括建筑物和构筑物的新建、改建、扩建及相关装修、拆除、修缮
2. **关联货物**：与工程建设有关的货物（构成工程不可分割组成部分、为实现工程基本功能所必需的设备、材料等）
3. **关联服务**：与工程建设有关的服务（为完成工程所需的勘察、设计、监理等服务）
4. **适用法律**：采用招标方式适用《招标投标法》，采用其他方式适用《政府采购法》
5. **政策执行**：应当执行政府采购政策

## 依据条款

**条款**：第七条
**来源法规**：中华人民共和国政府采购法实施条例（国务院令第658号）

> 第七条 政府采购工程以及与工程建设有关的货物、服务，采用招标方式采购的，适用《中华人民共和国招标投标法》及其实施条例；采用其他方式采购的，适用政府采购法及本条例。  
> 前款所称工程，是指建设工程，包括建筑物和构筑物的新建、改建、扩建及其相关的装修、拆除、修缮等；所称与工程建设有关的货物，是指构成工程不可分割的组成部分，且为实现工程基本功能所必需的设备、材料等；所称与工程建设有关的服务，是指为完成工程所需的勘察、设计、监理等服务。  
> 政府采购工程以及与工程建设有关的货物、服务，应当执行政府采购政策。

## 适用条件

1. **采购方式决定法律适用**：招标方式适用招标投标法体系，非招标方式适用政府采购法体系
2. **规模标准**：3000万元以上工程采购项目需开展需求调查（政府采购需求管理办法第十一条）
3. **中小企业预留**：超过400万元的工程采购项目适宜由中小企业提供的，预留30%以上专门面向中小企业（政府采购促进中小企业发展管理办法第八条）
4. **价格评审优惠**：政府采购工程的价格评审优惠按照财库〔2020〕46号文件规定执行

## 风险提示

1. 工程采购需注意区分采购方式，不同方式适用不同法律体系
2. 必须执行政府采购政策，包括促进中小企业发展等政策要求
3. 与工程关联的货物和服务不能脱离工程本体单独认定"
基础概念与实务100,13,OK,32351,6,0.5509700781556198,关于完善中央单位政府采购预算管理和中央高校、科研院所科研仪器设备采购管理有关事项的通知（财库〔2016〕194号）,什么是政府采购预算？,"## 结论

政府采购预算是指采购人使用财政性资金采购货物、工程和服务时，按照政府集中采购目录和分散采购限额标准，结合年度采购需求所编制的资金使用计划。它是部门预算的组成部分，需随部门预算一并编制，并作为采购计划申报、变更采购方式和进口产品审批的依据。

## 核心要求清单

1. **编制要求**：应随部门预算编制一并编报，全面完整、应编尽编
2. **调整程序**：预算执行中需调剂的，应按程序报批或备案
3. **执行纪律**：严禁无预算采购、超预算采购，不得擅自改变已批准预算的金额及用途
4. **禁止规避**：不得随意调减政府采购预算以规避政府采购和公开招标
5. **内控管理**：在编制预算和实施计划、确定采购需求等重点环节加强内部控制

## 依据条款

- 条款：全面完整编制政府采购预算是加强政府采购管理的重要基础；中央单位应随部门预算编制一并编制政府采购预算
  来源法规：关于完善中央单位政府采购预算管理和中央高校、科研院所科研仪器设备采购管理有关事项的通知（财库〔2016〕194号）

- 条款：用财政性资金采购自主创新产品的活动，适用本办法
  来源法规：自主创新产品政府采购预算管理办法 第二条

- 条款：采购人应当按照行政事业单位内部控制规范要求，建立健全本单位政府采购内部控制制度，在编制政府采购预算和实施计划、确定采购需求、组织采购活动等重点环节加强内部控制管理
  来源法规：政府采购货物和服务招标投标管理办法 第六条

- 条款：主管预算单位应当组织评估本部门及所属单位政府采购项目...并在政府采购预算中单独列示
  来源法规：政府采购促进中小企业发展管理办法 第六条

- 条款：各预算单位要按照政府集中采购目录和分散采购限额标准，结合年度采购需求，科学合理编制政府采购预算，做到应编尽编、规范编制；严禁无预算采购、超预算采购
  来源法规：关于进一步加强政府采购预算编制和执行管理的通知（扬财购〔2021〕12号）

- 条款：各级财政部门负责对政府采购预算编制和执行的监督检查
  来源法规：自主创新产品政府采购预算管理办法 第十八条

## 适用条件

- **适用主体**：国家机关、事业单位和团体组织
- **资金范围**：财政性资金
- **采购范围**：货物、工程和服务
- **编制时间**：随年度部门预算一并编制
- **调整情形**：部门预算资金调剂或使用非财政拨款资金采购

## 风险提示

随意调减政府采购预算以规避政府采购和公开招标属于违规行为，将面临财政部门监督检查。未经批准的无预算或超预算采购将被追究责任。"
基础概念与实务100,14,OK,32766,6,0.44300317650234755,政府采购非招标采购方式管理办法(中华人民共和国财政部令第74号) 第十一条 第一款,什么是采购需求？,"## 1) 结论

采购需求是采购人为实现采购目标，对采购标的的功能、数量、技术要求、服务要求、合同履行条件等具体要求和条件所作的详细描述，是编制采购文件、确定采购方式、进行评审和合同签订的重要依据。

## 2) 核心要求清单

- **合规性**：符合国家法律法规规定，执行国家相关标准、行业标准、地方标准等标准规范
- **完整性**：涵盖供应商资格条件、采购邀请、采购方式、采购预算、技术要求、服务要求、合同草案条款等内容
- **明确性**：具体、清晰、可操作，避免模糊表述
- **非歧视性**：不得以不合理条件限制或排斥潜在供应商
- **政策性**：落实政府采购支持节能环保、促进中小企业发展等政策要求

## 3) 依据条款

- **条款**：采购需求应当合规、完整、明确；采购需求应当符合国家法律法规规定，执行国家相关标准、行业标准、地方标准等标准规范，落实政府采购支持节能环保、促进中小企业发展等政府采购政策要求
  **来源法规**：财政部关于进一步加强政府采购需求和履约验收管理的指导意见（财库〔2016〕205号）第二条第一款

- **条款**：谈判文件、询价通知书应当包括供应商资格条件、采购邀请、采购方式、采购预算、采购需求、采购程序、价格构成或者报价要求、响应文件编制要求、提交响应文件截止时间及地点、保证金交纳数额和形式、评定成交的标准等
  **来源法规**：政府采购非招标采购方式管理办法（中华人民共和国财政部令第74号）第十一条第一款

- **条款**：采购需求书须包括：投标人资质、项目需求、采购预算、评审标准和付款方式等
  **来源法规**：扬州市本级政府采购环节操作规范实施细则（扬财规〔2018〕2号）第六条第一款

## 4) 适用条件

适用于所有政府采购项目，包括招标采购方式和非招标采购方式。采购人在确定采购需求时应进行市场调查或论证，确保需求与项目实际需要相适应。

## 5) 风险提示

- 采购需求设定不合理可能导致采购失败或履约纠纷
- 不得将特定供应商、特定产品、特定业绩等作为采购需求条件
- 不得设定与合同履行无关的资格条件或评审因素
- 进口产品采购需审查必要性"
基础概念与实务100,15,OK,38400,1,0.48617532202104363,中华人民共和国政府采购法实施条例（中华人民共和国国务院令 第658号） 第七十二条 （一）,什么是政府采购合同？,"## 回答

### 1. 结论

**提供的证据未能直接定义""什么是政府采购合同""。**

证据1（中华人民共和国政府采购法实施条例第七十二条）仅涉及政府采购合同在违法行为处理中的相关规定，包括合同无效、撤销、赔偿责任等情形，但并未给出政府采购合同的基本定义。

---

### 2. 依据条款

证据1中涉及政府采购合同的条款：
- 《中华人民共和国政府采购法实施条例》第七十二条第一款第（二）项：""已确定中标或者成交供应商但尚未签订政府采购合同的，中标或者成交结果无效...""
- 第（三）项：""政府采购合同已签订但尚未履行的，撤销合同...""
- 第（四）项：""政府采购合同已经履行，给采购人、供应商造成损失的，由责任人承担赔偿责任。""

---

### 3. 适用条件

证据1规定的适用条件：
- 存在违反政府采购法或本条例规定的行为
- 该违法行为影响或可能影响中标、成交结果
- 涉及政府采购合同的签订、履行或撤销

---

### 4. 不确定点

**核心问题：证据不足**

用户询问的是""什么是政府采购合同""这一基本定义问题，但提供的证据仅涉及合同在特定违法情形下的处理规则，未涉及：
- 政府采购合同的定义
- 政府采购合同的法律性质
- 政府采购合同的主体、客体、内容等基本要素

**建议**：如需准确定义""政府采购合同""，应查阅《中华人民共和国政府采购法》相关条款（如第十三条、第四十三条、第四十四条等），该法对政府采购合同有更基础性的规定。"
基础概念与实务100,16,OK,20991,6,0.3210630666289955,中华人民共和国政府采购法实施条例（中华人民共和国国务院令 第658号） 第十条,什么是电子化政府采购？,"## 结论

电子化政府采购是指利用信息网络技术进行的政府采购活动，包括采购信息发布、投标响应、评审定标、合同签订等全流程电子化操作。

## 核心要求清单

1. **平台标准统一**：国家实行统一的政府采购电子交易平台建设标准
2. **技术手段**：利用信息网络进行电子化政府采购活动
3. **禁止限制**：不得要求供应商购买指定软件作为参加电子化政府采购活动的条件

## 依据条款

- **第十条**：国家实行统一的政府采购电子交易平台建设标准，推动利用信息网络进行电子化政府采购活动。来源法规：《中华人民共和国政府采购法实施条例》

## 适用条件

1. 适用于政府采购活动的全流程电子化，包括采购计划编制、招标投标、合同签订等环节
2. 需通过统一的电子交易平台进行，遵循国家制定的建设标准
3. 各级预算单位通过电子化平台开展采购活动（如证据2、3中的""鲜丰汇""平台）

## 风险提示

1. 采购人不得将购买指定软件作为参加电子化政府采购活动的资格条件（违反将构成禁止行为）
2. 电子化政府采购仍需遵守《政府采购法》及其实施条例的全部规定
3. 供应商参与电子化采购需通过合规的电子交易平台，不得要求额外指定软件"
基础概念与实务100,17,OK,36342,6,0.43662053074426416,财政部关于印发《政府采购评审专家管理办法》的通知 第四条（财库〔2016〕198号）,什么是评审专家？,"## 结论

**未找到对“评审专家”概念的直接定义条款。**

现有证据主要规范的是评审专家的**选聘条件、抽取使用程序和管理职责**，未包含对“评审专家”内涵的界定性条款。

---

## 核心要求清单

1. **选聘条件**（第六条）：
   - 自愿申请
   - 提供个人简历、申请书、承诺书
   - 提供学历学位证书、专业技术职称证书或同等专业水平证明材料
   - 提供身份有效证件
   - 提供需要回避的信息
   - 省级以上财政部门规定的其他材料

2. **抽取方式**（第十九条）：
   - 原则上由采购人或采购代理机构经办人在财政部门监督下随机抽取
   - 特殊情况下可由财政部门专家库维护管理人员随机抽取后推荐
   - 任何单位和个人不得指定或干预评审专家抽取

3. **自行选定情形**（苏财规〔2017〕39号第四十三条/扬财购〔2018〕1号第二十条）：
   - 技术复杂、专业性强的采购项目
   - 经主管预算单位同意
   - 优先选择本单位以外的评审专家或专业人员

---

## 依据条款

- **条款：第六条**；来源法规：财政部《政府采购评审专家管理办法》（财库〔2016〕198号）
- **条款：第十九条**；来源法规：财政部《政府采购评审专家管理办法》（财库〔2016〕198号）
- **条款：第四条**；来源法规：财政部《政府采购评审专家管理办法》（财库〔2016〕198号）
- **条款：第四十三条**；来源法规：《江苏省政府采购评审专家管理办法》（苏财规〔2017〕39号）
- **条款：第二十条**；来源法规：《转发江苏省财政厅关于印发〈江苏省政府采购评审专家管理办法〉的通知》（扬财购〔2018〕1号）

---

## 适用条件

| 情形 | 适用条件 |
|------|----------|
| 随机抽取 | 常规采购项目 |
| 库维护管理人员抽取 | 特殊情况，经采购人或采购代理机构同意 |
| 采购人自行选定 | 技术复杂、专业性强，经主管预算单位同意 |

---

## 风险提示

1. **抽取时间限制**：除竞争性谈判、竞争性磋商及异地评审外，抽取开始时间不得早于评审活动开始前2个工作日
2. **名单保密**：评审活动开始前半小时，评审专家名单予以解密
3. **回避义务**：评审专家存在利害关系的，应主动回避"
基础概念与实务100,18,OK,37702,6,0.49710198047788695,政府采购非招标采购方式管理办法(中华人民共和国财政部令第74号) 第二十六条 （一）,什么是采购文件？,"## 1) 结论

采购文件是政府采购活动中形成的各类文件资料的总称，包括采购活动记录、采购预算、谈判文件、询价通知书、响应文件、评审报告、合同文本、验收证明等。

## 2) 核心要求清单

- 采购人、采购代理机构应当妥善保管每项采购活动的采购文件
- 采购文件的保存期限为从采购结束之日起至少十五年
- 采购文件可以电子档案方式保存
- 采购活动记录至少应当包括：采购项目类别/名称、预算/资金构成/合同价格、采购方式及原因、选择供应商的方式及原因、评定成交标准及确定成交供应商的原因、终止采购的原因

## 3) 依据条款

**条款**：第二十六条  
**来源法规**：政府采购非招标采购方式管理办法(中华人民共和国财政部令第74号)

**条款**：第十六条  
**来源法规**：财政部关于印发《政府采购代理机构管理暂行办法》的通知（财库〔2018〕2号）

**条款**：第九条  
**来源法规**：财政部关于印发《政府和社会资本合作项目政府采购管理办法》的通知（财库〔2014〕215号）

## 4) 适用条件

适用于所有政府采购方式（包括招标、竞争性谈判、竞争性磋商、询价、单一来源采购等），采购人和采购代理机构均需遵守采购文件保存要求。

## 5) 风险提示

- 未妥善保管采购文件可能导致监管部门处罚
- 采购文件保存期限不足（少于15年）不符合规定
- 采购文件是供应商质疑、投诉处理的重要依据，缺失可能影响供应商权益救济"
基础概念与实务100,19,OK,35634,6,0.5634362026725906,中华人民共和国招标投标法 第十九条,什么是招标文件？,"## 1. 结论

招标文件是招标人根据招标项目的特点和需要编制的，供潜在投标人了解招标项目需求、提交投标文件的法律文件。招标文件是招标活动的核心文件，应当包含招标项目的技术要求、资格审查标准、投标报价要求、评标标准、合同主要条款等所有实质性要求和条件。

## 2. 核心要求清单

根据法律法规，招标文件应当包括以下核心内容：

**（1）投标资格要求：**

- 投标人应当提交的资格、资信证明文件
- 投标人信用信息查询渠道及截止时点

**（2）投标文件要求：**

- 投标文件的密封、签署、盖章要求
- 投标文件编制要求、投标报价要求
- 投标保证金交纳、退还方式以及不予退还投标保证金的情形

**（3）项目具体信息：**

- 采购项目的技术规格、数量、服务标准、验收等要求
- 货物、服务提供的时间、地点、方式
- 采购项目预算金额，设定最高限价的还应公开最高限价

**（4）评标相关：**

- 评标方法、评标标准和投标无效情形
- 投标有效期

**（5）合同及资金：**

- 拟签订的合同文本
- 采购资金的支付方式、时间、条件

**（6）其他：**

- 采购代理机构代理费用的收取标准和方式
- 省级以上财政部门规定的其他事项

对于不允许偏离的实质性要求和条件，应当在招标文件中以醒目的方式标明。

## 3. 依据条款

条款：第十九条；来源法规：《中华人民共和国招标投标法》

条款：第二十条；来源法规：《政府采购货物和服务招标投标管理办法(中华人民共和国财政部令第87号)》

## 4. 适用条件

- 适用于依法必须招标的项目以及政府采购货物和服务招标项目
- 招标人应当根据招标项目的特点和需要编制招标文件
- 国家对招标项目的技术、标准有规定的，招标人应当按照其规定在招标文件中提出相应要求
- 招标项目需要划分标段、确定工期的，招标人应当合理划分标段、确定工期，并在招标文件中载明
- 对于不允许偏离的实质性要求和条件，应当醒目标明

## 5. 风险提示

- 招标文件内容不完整可能导致投标人对项目理解产生偏差，引发质疑或投诉
- 未以醒目方式标明实质性要求和条件，可能导致投标人在非实质性方面偏离而被错误判定为无效投标
- 招标文件未依法备案可能面临监管考核风险（依据《集中采购机构监督考核管理办法》第十条，招标文件备案率不足90%属违规情形）
- 擅自改变招标文件中规定的实质性要求和条件，可能导致招标结果无效"
基础概念与实务100,20,OK,35432,6,0.47806312986132804,中华人民共和国政府采购法实施条例（中华人民共和国国务院令 第658号） 第二十一条,什么是资格预审？,"## 资格预审的定义与核心要求

### 1. 结论

资格预审是指采购人或者采购代理机构在发布招标公告后，依据预先制定的资格预审文件和标准，对潜在供应商进行资格审查的程序。通过资格预审的供应商方可进入后续评审环节；已进行资格预审的，评审阶段可以不再对供应商资格进行审查。

### 2. 核心要求清单

| 序号 | 要求内容 |
|------|----------|
| 1 | 资格预审公告必须在省级以上财政部门指定的媒体上发布 |
| 2 | 提交资格预审申请文件的时间自公告发布之日起不少于**5个工作日** |
| 3 | 资格预审公告应载明：采购人和项目名称、采购需求、供应商资格要求、提交申请文件的时间和地点 |
| 4 | 资格预审合格的供应商在评审阶段资格发生变化的，应当通知采购人和采购代理机构 |
| 5 | 资格预审文件应当免费提供 |

### 3. 依据条款

- **条款**：第二十一条；来源法规：《中华人民共和国政府采购法实施条例》
- **条款**：第十四条第一款；来源法规：《政府采购货物和服务招标投标管理办法》
- **条款**：第二十一条；来源法规：《政府采购货物和服务招标投标管理办法》
- **条款**：第六条；来源法规：《政府和社会资本合作项目政府采购管理办法》

### 4. 适用条件

- **适用情形**：主要适用于邀请招标方式（采购人从符合资格条件的供应商中随机抽取）
- **采购方式选择**：采购人可通过以下方式产生符合资格条件的供应商名单：
  - 发布资格预审公告征集
  - 从省级以上财政部门建立的供应商库中选取
  - 采购人书面推荐
- **随机抽取要求**：随机抽取时应当有不少于两名采购人工作人员在场监督，并形成书面记录

### 5. 风险提示

- 资格预审合格的供应商在评审阶段资格发生变化未通知的，可能导致中标结果无效
- 提交资格预审申请文件的时间不足5个工作日的，程序违法
- 资格预审文件未免费提供的，属于违规行为"
基础概念与实务100,21,OK,26008,6,1.0,中华人民共和国政府采购法 第二十六条 （一）,政府采购主要有哪些采购方式？,"1) 结论

政府采购主要有六种采购方式：**公开招标、邀请招标、竞争性谈判、单一来源采购、询价、国务院政府采购监督管理部门认定的其他采购方式**。其中，公开招标为主要采购方式。此外，竞争性磋商在特定领域（如PPP项目、政府采购竞争性磋商采购方式管理暂行办法适用范围）也有明确适用。

2) 核心要求清单

| 序号 | 要求内容 |
|------|----------|
| 1 | 公开招标应作为政府采购的主要采购方式 |
| 2 | 采购方式的选择应依法进行，需符合各方式法定适用条件 |
| 3 | 竞争性磋商需按照《政府采购竞争性磋商采购方式管理暂行办法》执行 |
| 4 | PPP项目采购方式包括公开招标、邀请招标、竞争性谈判、竞争性磋商和单一来源采购 |
| 5 | 框架协议采购需按照《政府采购框架协议采购方式管理暂行办法》执行 |

3) 依据条款

- 条款：**第二十六条**；来源法规：**《中华人民共和国政府采购法》**
- 条款：**第四条**；来源法规：**《财政部关于印发〈政府和社会资本合作项目政府采购管理办法〉的通知》（财库〔2014〕215号）**
- 条款：**第二十六条**；来源法规：**《财政部关于印发〈政府采购竞争性磋商采购方式管理暂行办法〉的通知》（财库〔2014〕214号）**

4) 适用条件

- **公开招标**：适用于采购需求中核心边界条件和技术经济参数明确、完整、符合国家法律法规及政府采购政策，且采购过程中不作更改的项目
- **竞争性磋商**：适用于技术复杂或性质特殊、不能确定详细规格或具体要求，以及市场竞争不充分的科研项目、需要扶持的科技成果转化等项目
- **PPP项目**：可根据采购需求特点依法选择公开招标、邀请招标、竞争性谈判、竞争性磋商或单一来源采购

5) 风险提示

- 未按规定选择采购方式可能导致采购结果无效或引发质疑投诉
- 采用非公开招标方式需具有充分理由和相关说明材料，并妥善保存备查"
基础概念与实务100,22,OK,23963,6,0.4417409506502593,政府采购货物和服务招标投标管理办法(中华人民共和国财政部令第87号) 第十三条 （一）,什么是公开招标？,"1) 结论
公开招标是政府采购的主要方式之一，指采购人依法以招标公告的方式邀请不特定的供应商参加投标的采购方式。主要适用于采购需求中核心边界条件和技术经济参数明确、完整、符合国家法律法规及政府采购政策，且采购过程中不作更改的项目。

2) 核心要求清单
- 应以招标公告方式公开邀请供应商
- 公告须载明：采购人及代理机构信息、项目名称、预算金额、采购需求、投标人资格要求、获取招标文件方式、公告期限、投标截止时间及开标地点、联系人电话等
- 属于必须公告的政府采购信息
- 采购文件至少保存十五年

3) 依据条款
- 条款：第四条；来源法规：财政部关于印发《政府项目采购管理办法》的通知（财库〔2014〕215号）
- 条款：第十三条；来源法规：政府采购货物和服务招标投标管理办法(中华人民共和国财政部令第87号)
- 条款：第十条；来源法规：政府采购信息公告管理办法
- 条款：第八条；来源法规：政府采购信息公告管理办法

4) 适用条件
适用于采购需求中核心边界条件和技术经济参数明确、完整、符合国家法律法规及政府采购政策，且采购过程中不作更改的项目。

5) 风险提示
- 未按规定公告采购信息可能构成违规
- 采用公开招标以外的采购方式须载明原因
- 采购文件须按规定期限保存备查"
基础概念与实务100,23,OK,43701,6,0.5343760932560043,财政部关于印发《政府和社会资本合作项目政府采购管理办法》的通知 第四条（财库〔2014〕215号）,什么是邀请招标？,"1) 结论

邀请招标是指采购人依法从符合资格条件的供应商中，通过随机抽取或书面推荐方式选择不少于3家供应商，并向其发出投标邀请书的招标方式。

2) 核心要求清单

- 供应商名单产生方式须符合法定方式
- 应从符合资格条件的供应商中随机抽取3家以上
- 随机抽取须保证所有符合资格条件供应商机会均等
- 随机抽取时应有两名以上采购人工作人员在场监督
- 投标邀请书须同时向所有受邀请供应商发出
- 采用书面推荐方式的，需公告被推荐供应商名单和推荐理由

3) 依据条款

- 条款：第十四条第一款；来源法规：政府采购货物和服务招标投标管理办法(中华人民共和国财政部令第87号)
- 条款：第六十九条；来源法规：政府采购货物和服务招标投标管理办法(中华人民共和国财政部令第87号)
- 条款：第四条；来源法规：财政部关于印发《政府和社会资本合作项目政府采购管理办法》的通知（财库〔2014〕215号）

4) 适用条件

适用于采购需求较为明确但不宜公开招标的项目。供应商名单产生方式包括：（一）发布资格预审公告征集；（二）从省级以上财政部门建立的供应商库中选取；（三）采购人书面推荐。采用第二、三项方式时，备选供应商总数不得少于拟随机抽取供应商总数的两倍。

5) 风险提示

- 未按规定方式产生供应商名单可能引发合规风险
- 随机抽取过程未全程监督可能影响采购效力
- 未向所有受邀请供应商发出投标邀请书可能导致程序违法
- 采用书面推荐未公告推荐理由可能违反信息公开要求"
基础概念与实务100,24,OK,31357,6,0.5075374600494593,关于印发《政府采购公告和公示信息格式规范（2020年版）》的通知（财办库〔2020〕50号） 第二十二条,什么是竞争性谈判？,"1. 结论

竞争性谈判是指谈判小组与符合资格条件的供应商就采购货物、工程和服务事宜进行谈判，供应商按照谈判文件的要求提交响应文件和最后报价，采购人从谈判小组提出的成交候选人中确定成交供应商的采购方式。

2. 核心要求清单

- 适用范围：适用于非招标采购方式采购货物、工程和服务
- 参与主体：需成立谈判小组，成员应为3人以上单数
- 供应商条件：符合资格条件的供应商
- 响应要求：供应商需提交响应文件和最后报价
- 成交确定：采购人从谈判小组提出的成交候选人中确定成交供应商

3. 依据条款

- 条款：第二条
- 来源法规：政府采购非招标采购方式管理办法(中华人民共和国财政部令第74号)

4. 适用条件

- 采购人、采购代理机构采用非招标采购方式采购货物、工程和服务时适用
- 竞争性谈判属于非招标采购方式之一，与单一来源采购、询价采购并列

5. 风险提示

竞争性谈判需严格遵循非招标采购方式的相关程序规定，确保谈判过程公平公正，供应商资格审核合规。"
基础概念与实务100,25,OK,48640,6,0.4789088325696831,财政部关于印发《政府采购竞争性磋商采购方式管理暂行办法》的通知-财库〔2014〕214号 第二条,什么是竞争性磋商？,"## 结论

竞争性磋商是指采购人、政府采购代理机构通过组建竞争性磋商小组，与符合条件的供应商就采购货物、工程和服务事宜进行磋商，供应商按照磋商文件要求提交响应文件和报价，采购人从磋商小组评审后提出的候选供应商名单中确定成交供应商的采购方式。

## 核心要求清单

1. 采购人/代理机构需组建竞争性磋商小组
2. 供应商需符合资格条件并按要求提交响应文件和报价
3. 需通过省级以上财政部门指定媒体发布竞争性磋商公告
4. 采购过程需进行多轮磋商并可能实质性变动内容
5. 从候选供应商名单中确定成交供应商

## 依据条款

- **条款**：第二条；**来源法规**：财政部关于印发《政府采购竞争性磋商采购方式管理暂行办法》的通知-财库〔2014〕214号
- **条款**：第七条；**来源法规**：财政部关于印发《政府采购竞争性磋商采购方式管理暂行办法》的通知-财库〔2014〕214号
- **条款**：第四条；**来源法规**：财政部关于印发《政府和社会资本合作项目政府采购管理办法》的通知-财库〔2014〕215号

## 适用条件

1. **采购需求特点适用**：采购需求中核心边界条件和技术经济参数明确、完整、符合法律法规及政府采购政策，且采购过程中不作更改的项目——适用于公开招标；竞争性磋商适用于采购需求不能确定、需通过磋商明确需求的项目
2. **采购类型适用**：政府购买服务项目（含政府和社会资本合作项目）
3. **供应商数量要求**：采购过程中符合要求的供应商（社会资本）只有2家的，竞争性磋商采购活动可以继续进行；只有1家的，应当终止采购活动，发布项目终止公告并说明原因，重新开展采购活动

## 风险提示

- 采购过程中符合要求的供应商不足2家时需终止采购
- 采购文件需明确评审小组可能实质性变动的内容
- 项目合同须报请本级人民政府审核同意，在获得同意前项目合同不得生效"
基础概念与实务100,26,OK,28056,6,0.4660680478357853,政府采购非招标采购方式管理办法(中华人民共和国财政部令第74号) 第二条,什么是询价采购？,"## 结论

询价采购是指询价小组向符合资格条件的供应商发出采购货物询价通知书，要求供应商一次报出不得更改的价格，采购人从询价小组提出的成交候选人中确定成交供应商的采购方式。属于《政府采购法》规定的非招标采购方式之一。

## 核心要求清单

1. **询价小组组成**：询价小组由采购人的代表和有关专家共三人以上的单数组成，其中专家的人数不得少于成员总数的三分之二
2. **供应商资格**：向符合资格条件的供应商发出询价通知书
3. **报价规则**：供应商一次报出不得更改的价格（不得更改）
4. **确定成交供应商**：采购人从询价小组提出的成交候选人中确定
5. **最低价成交原则**：通常选择报价最低的供应商成交
6. **竞争要求**：符合竞争要求的供应商不少于3家

## 依据条款

- **条款**：第二条；**来源法规**：政府采购非招标采购方式管理办法(中华人民共和国财政部令第74号)
- **条款**：第十二条；**来源法规**：中华人民共和国政府采购法
- **条款**：第五十条；**来源法规**：政府采购非招标采购方式管理办法(中华人民共和国财政部令第74号)
- **条款**：第三十三条；**来源法规**：中华人民共和国政府采购法实施条例（中华人民共和国国务院令第658号）
- **条款**：第四条；**来源法规**：扬州市本级政府采购环节操作规范实施细则

## 适用条件

1. 适用于货物采购，通常为规格、标准统一，现货货源充足且价格变化幅度小的项目
2. 采购金额未达到公开招标数额标准
3. 适用于采购人自行选择供应商的简单项目
4. 属于法定采购方式之一

## 风险提示

1. **终止情形**：出现以下情况应终止询价采购活动：不再符合询价采购适用情形；出现影响采购公正的违法违规行为；符合竞争要求的供应商或报价未超过采购预算的供应商不足3家
2. **人员回避**：询价小组组成人员与供应商有利害关系的必须回避
3. **保证金要求**：询价采购中要求供应商提交保证金的，参照投标保证金相关规定执行
4. **合规风险**：须按规定程序进行，避免因程序违规导致采购无效"
基础概念与实务100,27,OK,39013,1,0.8038257314531283,政府采购需求管理办法 第三十一条 （一）（财库〔2021〕22号）,什么是单一来源采购？,"**结论：**

依据所提供证据，无法对“单一来源采购”给出完整定义。该证据仅在采购需求审查部分提及“采用单一来源采购方式的，是否符合法定情形”，未包含单一来源采购的定义、法定适用情形或具体操作要求。

**核心要求清单：**

- 所提供证据未涵盖单一来源采购的定义
- 证据仅涉及对单一来源采购方式合法性的审查要求

**依据条款：**

条款：第三十一条（一）  
来源法规：政府采购需求管理办法

**适用条件：**

该条款适用于采购需求的竞争性审查环节，要求审查采用单一来源采购方式是否符合法定情形，但未说明“法定情形”的具体内容。

**风险提示：**

现有证据不完整，无法全面回答单一来源采购的基本概念问题。建议补充《中华人民共和国政府采购法》第三十一条及相关实施条例等上位法规，以获取完整定义和法定适用情形。"
基础概念与实务100,28,OK,29029,6,0.5488869524855692,关于《中华人民共和国政府采购法实施条例》第十八条第二款法律适用的函 第十八条,在什么情况下可以采用单一来源采购？,"## 结论

根据现有依据，未找到单一来源采购的法定情形的完整规定。证据主要涉及单一来源采购的程序性要求（如公示、异议处理），未明确列举《政府采购法》第三十一条规定的三种法定情形。

---

## 核心要求清单

1. **公示要求**：采用单一来源采购须在省级以上财政部门指定媒体上公示，公示期不少于5个工作日
2. **公示内容**：须包含采购人、项目名称、采用原因、唯一供应商信息、专业人员论证意见等
3. **异议处理**：收到异议后须组织补充论证，论证后报财政部门

---

## 依据条款

- **条款**：第四条
  **来源法规**：政府采购非招标采购方式管理办法(中华人民共和国财政部令第74号)
  
- **条款**：第四十条
  **来源法规**：政府采购非招标采购方式管理办法(中华人民共和国财政部令第74号)

---

## 适用条件

根据证据4（政府采购需求管理办法第三十一条）提及""采用单一来源采购方式的，是否符合法定情形""，说明单一来源采购须符合《政府采购法》第三十一条规定的法定情形，但该法定情形未在当前证据中体现。

---

## 风险提示

1. 当前依据不足：《政府采购法》第三十一条规定的三种法定情形（唯一供应商、不可预见紧急情况、原有项目一致性要求）在提供的证据中未直接列出
2. 建议补充查阅：《中华人民共和国政府采购法》第三十一条及《中华人民共和国政府采购法实施条例》第二十七条、第二十八条
3. 程序合规风险：未按规定公示或处理异议，可能导致采购程序违法"
基础概念与实务100,29,OK,33027,6,0.5981389696206646,中华人民共和国政府采购法 第三十八条 （一）,什么情况下可以采用竞争性谈判？,"## 1) 结论

根据《政府采购非招标采购方式管理办法》的规定，符合法定情形之一的采购项目，可以采用竞争性谈判方式采购。

## 2) 核心要求清单

- **招标失败情形**：招标后没有供应商投标或没有合格标的，或重新招标未能成立
- **技术复杂情形**：技术复杂或性质特殊，不能确定详细规格或具体要求
- **紧急需要情形**：非采购人所能预见的原因或非采购人拖延导致招标时间不足
- **价格无法确定情形**：艺术品采购、专利、专有技术或服务的时间、数量事先不能确定
- **供应商不足情形**：公开招标项目中实质性响应招标文件的供应商只有两家

## 3) 依据条款

条款：第二十七条；来源法规：《政府采购非招标采购方式管理办法(中华人民共和国财政部令第74号)》

## 4) 适用条件

| 适用情形 | 具体条件 |
|---------|---------|
| 招标失败 | 招标后无供应商投标、无合格标的或重新招标仍失败 |
| 技术复杂 | 性质特殊或技术复杂，无法确定详细规格或具体要求 |
| 紧急需要 | 因不可预见原因或采购人拖延，招标时间无法满足紧急需求 |
| 价格无法确定 | 艺术品、专利、专有技术或服务的时间、数量事先无法确定 |
| 供应商不足 | 公开招标中实质性响应招标文件的供应商仅有两家 |

## 5) 风险提示

- 采用竞争性谈判需严格符合上述法定情形，不得随意采用
- 谈判程序需符合《政府采购法》第三十八条规定的程序要求
- 谈判小组需由3人以上单数组成，专家人数不少于成员总数的2/3
- 谈判过程中不得透露与其他供应商相关的技术资料、价格和其他信息
- 需确保所有参加谈判的供应商获得同等信息，谈判文件实质性变动需书面通知所有供应商"
基础概念与实务100,30,OK,38091,1,1.0,财政部关于印发《政府采购竞争性磋商采购方式管理暂行办法》的通知-财库〔2014〕214号 第三条 （一）,什么情况下可以采用竞争性磋商？,"1) 结论
符合以下五种情形之一的项目，可以采用竞争性磋商方式开展采购：
- 政府购买服务项目
- 技术复杂或性质特殊，不能确定详细规格或具体要求的
- 因艺术品采购、专利、专有技术或服务的时间、数量事先不能确定等原因不能事先计算出价格总额的
- 市场竞争不充分的科研项目，以及需要扶持的科技成果转化项目
- 按照招标投标法及其实施条例必须进行招标的工程建设项目以外的工程建设项目

2) 核心要求清单
- 采购项目属于上述五种法定情形之一
- 采购人应当按照《政府采购竞争性磋商采购方式管理暂行办法》的规定编制磋商文件
- 需成立磋商小组，负责评审工作
- 应在指定媒体发布磋商公告

3) 依据条款
- 条款：第三条
- 来源法规：财政部关于印发《政府采购竞争性磋商采购方式管理暂行办法》的通知（财库〔2014〕214号）

4) 适用条件
- 第一类：政府购买服务项目——适用于各级行政机关和事业单位向社会提供的公共服务
- 第二类：技术复杂或性质特殊的项目——如专业设备、系统集成等无法明确技术参数的项目
- 第三类：无法事先确定价格的采购——涉及专利、专有技术或服务内容不确定的项目
- 第四类：科研及科技成果转化项目——市场供应不足或需要政策扶持的项目
- 第五类：依法必须招标以外的工程建设项目——包括施工单项合同估算价未达到招标标准或非工程建设项目

5) 风险提示
- 适用范围错误风险：若不属于上述五种情形而采用竞争性磋商，可能被认定为采购方式不当
- 程序合规风险：需严格按磋商程序进行，包括公告发布、文件编制、评审响应等环节
- 建议在采用前确认项目属性是否符合法定情形，必要时咨询政府采购监管部门"
基础概念与实务100,31,OK,38091,6,0.6447758713942211,中华人民共和国政府采购法 第四十二条 （一）,如果公开招标失败一次，采购人应如何处理？,"## 结论

公开招标失败后，采购人应根据具体情况依法处理：若招标文件存在问题则改正后重新招标；若招标文件无问题但需变更采购方式，应报财政部门批准。

## 核心要求清单

1. **分析废标原因**：确定是供应商不足、违法违规行为、超预算还是任务取消
2. **区分处理方式**：
   - 招标文件存在不合理条款或招标程序违规 → 改正后重新招标
   - 招标文件无问题且程序合规 → 报财政部门批准采用其他采购方式
3. **通知义务**：废标后应将废标理由通知所有投标人
4. **避免规避行为**：不得化整为零规避公开招标
5. **文件保存**：妥善保存采购文件至少15年

## 依据条款

- **条款**：第四十三条
  - **来源法规**：政府采购货物和服务招标投标管理办法(中华人民共和国财政部令第87号)

- **条款**：第三十六条
  - **来源法规**：中华人民共和国政府采购法

- **条款**：第二十八条
  - **来源法规**：中华人民共和国政府采购法实施条例

- **条款**：第六十七条
  - **来源法规**：中华人民共和国政府采购法实施条例

## 适用条件

适用于**公开招标数额标准以上**的采购项目，出现以下情形：
- 投标截止后投标人不足3家
- 通过资格审查或符合性审查的投标人不足3家
- 符合废标条件（专业供应商不足3家、违法违规、超预算、任务取消）

## 风险提示

- 将应公开招标项目化整为零规避招标将受财政部门处分并通报
- 未按规定确定中标人或签订合同将承担法律责任
- 擅自变更、中止或终止合同属违规行为"
基础概念与实务100,32,OK,85712,6,1.0,中华人民共和国政府采购法 第二十六条 （一）,如果公开招标失败两次，采购人可以采用什么采购方式？,"## 结论

根据现有证据，**无法确定公开招标失败两次后采购人可以采用的具体采购方式**。

## 依据条款

1. **《中华人民共和国政府采购法》第二十六条**：该条款仅列举了六种采购方式（公开招标、邀请招标、竞争性谈判、单一来源采购、询价、国务院认定的其他采购方式），并规定""公开招标应作为政府采购的主要采购方式""，但**未规定公开招标失败后的处理方式**。

2. **证据2-6**：均未涉及公开招标失败后如何选择替代采购方式的规定。

## 适用条件

由于证据中未找到关于公开招标失败后处理方式的规定，因此无法确定具体适用条件。

## 不确定点

1. **关键法规缺失**：现有证据中未包含《政府采购法》第三十条（可能涉及公开招标失败情形）的内容，也无法确认是否存在""公开招标失败两次可转为竞争性谈判""的相关规定。

2. **法规层级问题**：即使存在相关规定，也需确认其法律效力层级（法律、行政法规或部门规章）。

3. **地方性规定**：证据6为地方性规定（苏财购〔2020〕29号），但该文件主要规范公告格式，未涉及采购方式变更情形。

**建议**：如需获取准确答案，应补充提供《政府采购法》第三十条、《政府采购非招标采购方式管理办法》或《财政部关于印发〈政府采购竞争性磋商采购方式管理暂行办法〉的通知》等法规中关于公开招标失败处理的相关条款。"
基础概念与实务100,33,OK,29089,6,1.0,中华人民共和国政府采购法 第二十六条 （一）,在政府采购中，采购方式是否可以随意变更？,"## 结论

采购方式**不能随意变更**。采购方式的选择和变更须依法进行，符合法定条件和程序。

## 核心要求清单

1. 采购方式须按法定方式确定（公开招标、邀请招标、竞争性谈判、单一来源采购、询价等）
2. 公开招标应作为主要采购方式
3. 采购方式的选择须在采购活动记录中说明原因及相关材料
4. 采购方式变更须有合法依据和正当理由

## 依据条款

1. **条款**：第二十六条；**来源法规**：中华人民共和国政府采购法
   - 规定政府采购采用公开招标、邀请招标、竞争性谈判、单一来源采购、询价等方式，公开招标为主要方式。

2. **条款**：第二十六条；**来源法规**：政府采购非招标采购方式管理办法(中华人民共和国财政部令第74号)
   - 规定采购活动记录应包括""采购方式，采用该方式的原因及相关说明材料""。

## 适用条件

- 采购人确定采购方式时须符合法定适用条件
- 采购方式变更须提供变更的正当理由和相关说明材料
- 采购过程须按选定方式依法进行

## 风险提示

**未找到更直接的禁止性条款依据**。现有证据仅规定采购方式的种类和程序要求，但未明确禁止变更或详细规定变更条件。根据政府采购公开、公平、公正原则，采购方式不应随意变更，建议参照财政部关于采购方式变更的专门规定或向财政部门确认具体程序要求。"
基础概念与实务100,34,OK,45216,6,0.6078417671263446,中华人民共和国政府采购法 第二十七条,政府采购是否必须采用公开招标？,"## 结论

政府采购**不是必须**采用公开招标。达到一定数额标准的项目应当采用公开招标，但未达到该数额标准的项目可以依法选择其他采购方式。

## 核心要求清单

1. **公开招标的适用条件**：达到省级以上人民政府规定的数额标准的政府采购项目，应当采用公开招标方式
2. **数额标准**：中央预算项目由国务院规定，地方预算项目由省、自治区、直辖市人民政府规定
3. **例外情形**：因特殊情况需要采用公开招标以外的采购方式，须经设区的市、自治州以上人民政府采购监督管理部门批准
4. **未达标准项目**：未达到公开招标数额标准的项目，采购人可依法选择竞争性谈判、询价、单一来源等适用采购方式

## 依据条款

- **条款**：第二十七条；**来源法规**：中华人民共和国政府采购法
- **条款**：第四十二条第一款第（三）项；**来源法规**：中华人民共和国政府采购法
- **条款**：财办库〔2015〕111号相关内容；**来源法规**：关于未达到公开招标数额标准政府采购项目采购方式适用等问题的函

## 适用条件

| 采购项目类型 | 数额标准确定主体 | 采购方式要求 |
|-------------|----------------|-------------|
| 中央预算的政府采购项目 | 国务院 | 达到数额标准的应当公开招标 |
| 地方预算的政府采购项目 | 省级人民政府 | 达到数额标准的应当公开招标 |
| 未达到数额标准的项目 | — | 可依法选择其他采购方式 |

## 风险提示

- 达到公开招标数额标准而擅自采用其他方式，属于违规行为
- 采用公开招标以外的采购方式未按规定获得批准，可能面临采购结果无效的风险
- 采购人应建立内部管理制度，防止随意采用和滥用采购方式"
基础概念与实务100,35,OK,34445,6,0.45225761028084815,关于通过政府购买服务支持社会组织培育发展的指导意见 （六）（财综〔2016〕54号）,政府采购项目拆分采购是否合法？,"## 结论

政府采购项目在**特定条件下**拆分采购是合法的，但必须符合法定情形并遵循相应程序。

## 核心要求清单

1. **适用情形**：仅限于市场竞争不充分或具有服务区域范围要求的项目
2. **目的要求**：拆分应促进建立良性市场竞争关系
3. **禁止情形**：不得通过拆分规避公开招标或其他法定采购方式
4. **审查要求**：需通过竞争性审查，确保不构成对特定供应商的歧视

## 依据条款

- 条款：对有服务区域范围要求、市场竞争不充分的服务项目，购买主体可以按规定采取将大额项目拆分采购、新增项目向不同的社会组织采购等措施
  - 来源法规：关于通过政府购买服务支持社会组织培育发展的指导意见/财综〔2016〕54号

- 条款：对于有服务区域范围要求、但本地区供应商无法形成有效竞争的服务项目，采购人可以采取将大额项目拆分采购、新增项目向其他供应商采购等措施，促进建立良性的市场竞争关系
  - 来源法规：财政部关于推进和完善服务项目政府采购有关问题的通知/第二十七条/财库〔2014〕37号

- 条款：非歧视性审查——主要审查是否指向特定供应商或者特定产品，包括资格条件设置是否合理；竞争性审查——主要审查是否确保充分竞争
  - 来源法规：政府采购需求管理办法/第三十一条/财库〔2021〕22号

## 适用条件

1. 项目具有服务区域范围要求且本地区供应商无法形成有效竞争
2. 拆分目的是促进良性市场竞争，而非规避采购程序
3. 需按规定选择合适的采购方式
4. 需通过采购需求审查中的竞争性审查和非歧视性审查

## 风险提示

- 随意拆分可能构成对特定供应商的歧视，违反政府采购公平竞争原则
- 拆分不得规避公开招标等法定采购方式的适用条件
- 需注意防止通过拆分限制或排斥潜在供应商"
基础概念与实务100,36,OK,33555,6,0.33355316187795603,政府采购货物和服务招标投标管理办法(中华人民共和国财政部令第87号) 第十四条 第一款,什么情况下可以采用邀请招标？,"## 什么情况下可以采用邀请招标？

**1、结论**

依据现有证据，**未找到关于邀请招标具体适用条件的直接规定**。证据1（财政部令第87号第十四条）仅规定了邀请招标的程序性操作方式，未明确列举适用情形。

**2、核心要求清单**

根据证据1，采用邀请招标时必须遵守以下程序要求：

| 环节 | 要求 |
|------|------|
| 供应商产生方式 | 通过以下方式之一产生：①发布资格预审公告征集；②从省级以上财政部门建立的供应商库中选取；③采购人书面推荐 |
| 供应商数量 | 随机抽取3家以上供应商 |
| 备选要求 | 采用第二、三项方式的，备选供应商总数不得少于拟随机抽取供应商总数的两倍 |
| 随机抽取规则 | 通过抽签等方式保证机会均等，不少于两名采购人工作人员在场监督，形成书面记录存档 |
| 投标邀请 | 应同时向所有受邀请供应商发出 |

**3、依据条款**

- 条款：第十四条
  - 来源法规：政府采购货物和服务招标投标管理办法(中华人民共和国财政部令第87号)

- 条款：第四条
  - 来源法规：财政部关于印发《政府和社会资本合作项目政府采购管理办法》的通知（财库〔2014〕215号）

- 条款：第二十七条
  - 来源法规：政府采购非招标采购方式管理办法(中华人民共和国财政部令第74号)

**4、适用条件**

现有证据未明确列出邀请招标的适用情形。根据证据2，PPP项目可依法选择邀请招标方式；证据4提及公开招标供应商不足两家时可转为其他方式，但均未直接界定邀请招标的适用条件。

**5、风险提示**

❓ **依据不足**：关于邀请招标的适用情形（如技术复杂、供应商特定等），在提供的证据中未找到明确规定。建议查阅《政府采购法》第二十九条及《招标投标法实施条例》第八条等上位法规获取完整依据。"
基础概念与实务100,37,OK,44267,6,0.4460787333521199,财政部关于印发《政府和社会资本合作项目政府采购管理办法》的通知 第六条（财库〔2014〕215号）,政府采购是否允许联合体投标？,"## 结论

**政府采购允许联合体投标**。根据相关法规，供应商可以组成联合体参与政府采购活动，但需满足法定资格条件和程序要求。

---

## 核心要求清单

| 序号 | 要求 |
|------|------|
| 1 | 联合体各方均应具备承担采购项目的相应能力 |
| 2 | 招标文件对投标人资格条件有规定的，联合体各方均应具备规定的相应资格条件 |
| 3 | 由同一专业单位组成的联合体，按照资质等级较低的单位确定资质等级 |
| 4 | 联合体各方应签订共同投标协议，明确约定各方拟承担的工作和责任 |
| 5 | 联合体各方应将共同投标协议连同投标文件一并提交 |
| 6 | 联合体中标的，联合体各方应共同与采购人签订合同，就中标项目向采购人承担连带责任 |

---

## 依据条款

1. **条款**：两个以上法人或者其他组织可以组成一个联合体，以一个投标人的身份共同投标。联合体各方均应当具备承担招标项目的相应能力；国家有关规定或者招标文件对投标人资格条件有规定的，联合体各方均应当具备规定的相应资格条件。由同一专业的单位组成的联合体，按照资质等级较低的单位确定资质等级。联合体各方应当签订共同投标协议，明确约定各方拟承担的工作和责任，并将共同投标协议连同投标文件一并提交招标人。联合体中标的，联合体各方应当共同与招标人签订合同，就中标项目向招标人承担连带责任。招标人不得强制投标人组成联合体共同投标，不得限制投标人之间的竞争。
   **来源法规**：《中华人民共和国招标投标法》第三十一条

2. **条款**：资格预审公告应当包括项目授权主体、项目实施机构和项目名称、采购需求、对社会资本的资格要求、**是否允许联合体参与采购活动**、是否限定参与竞争的合格社会资本的数量及限定的方法和标准、以及社会资本提交资格预审申请文件的时间和地点。
   **来源法规**：财政部关于印发《政府和社会资本合作项目政府采购管理办法》的通知（财库〔2014〕215号）第六条

3. **条款**：如项目接受联合体投标，对联合体应提出相关资格要求。
   **来源法规**：关于印发《政府采购公告和公示信息格式规范（2020年版）》的通知（财办库〔2020〕50号）第二十二条

4. **条款**：接受大中型企业与小微企业组成联合体或者允许大中型企业向一家或者多家小微企业分包的采购项目，对于联合协议或者分包意向协议约定小微企业的合同份额占到合同总金额30%以上的，采购人、采购代理机构应当对联合体或者大中型企业的报价给予2%-3%的扣除，用扣除后的价格参加评审。
   **来源法规**：《政府采购促进中小企业发展管理办法》（财库〔2020〕46号）第九条

---

## 适用条件

- 采购项目**明确允许**联合体参与（可在资格预审公告或招标文件中载明）
- 联合体各方均符合采购项目的基本资格要求
- 采购人、采购代理机构不得强制投标人组成联合体共同投标
- 采购人、采购代理机构不得限制投标人之间的竞争
- 联合体各方之间不存在直接控股、管理关系（否则不享受中小企业价格扣除优惠）

---

## 风险提示

1. **资质认定风险**：由同一专业单位组成的联合体，资质等级按较低方确定，可能导致竞争力下降
2. **连带责任风险**：联合体中标后，任何一方违约均需承担全部连带责任
3. **政策优惠风险**：如联合体内部存在控股、管理关系，将无法享受中小企业价格扣除优惠
4. **合规性风险**：采购人不得强制要求联合体投标，否则属于违规行为
5. **资格预审风险**：PPP项目需在资格预审公告中明确是否允许联合体，未经允许不得参与"
基础概念与实务100,38,OK,34406,1,0.8315289910030658,中华人民共和国招标投标法 第三十一条,联合体投标需要满足什么条件？,"1) 结论
联合体投标需满足以下条件：各方均具备相应能力或资格、签订共同投标协议、中标后承担连带责任。招标人不得强制组成联合体。

2) 核心要求清单
- 主体要求：两个以上法人或其他组织组成
- 能力要求：各方均应具备承担招标项目的相应能力
- 资格要求：国家规定或招标文件有要求的，各方应具备相应资格
- 资质确定：同一专业组成的联合体，按资质等级较低单位确定等级
- 协议要求：签订共同投标协议，明确分工和责任，与投标文件一并提交
- 责任承担：中标后各方共同与招标人签约，承担连带责任
- 禁止情形：招标人不得强制组成联合体，不得限制竞争

3) 依据条款
- 条款：**两个以上法人或者其他组织可以组成一个联合体，以一个投标人的身份共同投标。联合体各方均应当具备承担招标项目的相应能力；国家有关规定或者招标文件对投标人资格条件有规定的，联合体各方均应当具备规定的相应资格条件。由同一专业的单位组成的联合体，按照资质等级较低的单位确定资质等级。联合体各方应当签订共同投标协议，明确约定各方拟承担的工作和责任，并将共同投标协议连同投标文件一并提交招标人。联合体中标的，联合体各方应当共同与招标人签订合同，就中标项目向招标人承担连带责任。招标人不得强制投标人组成联合体共同投标，不得限制投标人之间的竞争。**
- 来源法规：**中华人民共和国招标投标法 第三十一条**

4) 适用条件
- 适用于依法必须招标的项目
- 适用于投标人自愿组成联合体的情况
- 适用于招标文件允许联合体投标的项目

5) 风险提示
- 联合体各方需对中标项目向招标人承担连带责任，任一方违约均可能被追究全部责任
- 资质等级按较低方确定，可能影响投标竞争力
- 招标人强制组成联合体属于违法行为，可投诉举报"
基础概念与实务100,39,OK,42189,2,0.5315640123535355,关于《中华人民共和国政府采购法实施条例》第十八条第二款法律适用的函 第十八条,在政府采购中，供应商可以同时以多个身份参与投标吗？,"## 结论

可以，但有限制。供应商可以为同一采购项目同时提供整体设计、规范编制、项目管理、监理、检测等服务，但不得同时作为供应商参与该项目的其他采购活动（如投标）。

## 核心要求清单

1. **禁止情形**：为采购项目提供整体设计、规范编制或项目管理、监理、检测等服务的供应商，不得再参加该采购项目的**其他采购活动**（即上述服务之外的采购活动，如投标）
2. **允许情形**：同一供应商可以同时承担项目的整体设计、规范编制和项目管理、监理、检测等服务
3. **例外**：单一来源采购项目不适用上述限制

## 依据条款

- **条款**：第十八条第二款  
  **来源法规**：《中华人民共和国政府采购法实施条例》

- **条款**：第十八条（关于""其他采购活动""的解释）  
  **来源法规**：财政部办公厅《关于〈中华人民共和国政府采购法实施条例〉第十八条第二款法律适用的函》（2015年9月7日）

## 适用条件

| 情形 | 是否允许 |
|------|----------|
| 同一供应商同时提供整体设计+规范编制 | ✅ 允许 |
| 同一供应商同时提供项目管理+监理+检测 | ✅ 允许 |
| 提供设计服务的供应商同时参与该项目投标 | ❌ 禁止 |
| 单一来源采购项目 | ❌ 不适用上述限制 |

## 风险提示

供应商需注意区分""服务供应商""身份与""投标供应商""身份。若以服务供应商身份参与项目，则不得再以投标人身份参与同一项目的其他采购活动，否则可能被视为违规投标。"
基础概念与实务100,40,OK,27924,6,0.42100716596145343,政府采购非招标采购方式管理办法(中华人民共和国财政部令第74号) 第二十七条 （一）,政府采购中是否允许重新招标？,"## 1) 结论
**允许重新招标**。政府采购中，在特定情形下可以依法重新招标。

## 2) 核心要求清单
- 重新招标适用于公开招标数额标准以上的采购项目
- 须在投标截止后投标人不足3家或通过资格审查的投标人不足3家时
- 须排除采购任务取消的情形
- 招标文件存在不合理条款或招标程序不符合规定的，应改正后重新招标
- 招标文件没有不合理条款且招标程序符合规定但需采用其他采购方式的，应报财政部门批准

## 3) 依据条款
- 条款：第四十三条；来源法规：《政府采购货物和服务招标投标管理办法(中华人民共和国财政部令第87号)》
- 条款：第二十七条第一项；来源法规：《政府采购非招标采购方式管理办法(中华人民共和国财政部令第74号)》
- 条款：第三十条第一项；来源法规：《中华人民共和国政府采购法》

## 4) 适用条件
适用重新招标的具体条件：
1. **公开招标数额标准以上**的采购项目
2. **投标截止后投标人不足3家**，或**通过资格审查或符合性审查的投标人不足3家**
3. 排除采购任务取消情形
4. 需区分两种处理方式：
   - 招标文件存在不合理条款或招标程序不符合规定的 → 改正后依法重新招标
   - 招标文件没有不合理条款、招标程序符合规定但需改用其他采购方式的 → 报财政部门批准

## 5) 风险提示
- 重新招标须符合法定条件，不可随意决定
- 招标文件存在瑕疵的，须改正后方可重新招标
- 改为其他采购方式须经财政部门批准，未经批准不得擅自变更采购方式
- 多次重新招标仍失败的，应评估采购需求和方式是否合理"
基础概念与实务100,41,OK,28568,6,0.4962490202511949,政府采购非招标采购方式管理办法(中华人民共和国财政部令第74号) 第二十六条 （一）,采购文件通常包括哪些内容？,"## 结论

采购文件是政府采购活动全过程的书面记录，涵盖从项目启动到合同履行完毕的各类文档资料。

## 核心要求清单

采购文件主要包括以下内容：

**（一）采购活动记录**
- 采购项目类别、名称
- 采购项目预算、资金构成和合同价格
- 采购方式及原因说明
- 供应商选择方式及原因
- 评审标准及确定成交供应商的原因
- 终止采购活动的原因（如适用）

**（二）采购过程文件**
- 采购预算
- 招标文件/谈判文件/询价通知书
- 投标文件/响应文件
- 评审报告/评标标准/评估报告
- 成交供应商确定文件/定标文件
- 推荐供应商的意见
- 单一来源采购协商情况记录

**（三）合同及履约文件**
- 合同文本
- 验收证明

**（四）质疑投诉处理文件**
- 质疑答复
- 投诉处理决定

**（五）其他有关文件、资料**

## 依据条款

- 条款：第四十二条；来源法规：《中华人民共和国政府采购法》
- 条款：第二十六条；来源法规：《政府采购非招标采购方式管理办法》(财政部令第74号)

## 适用条件

- 适用于所有政府采购项目
- 采购文件保存期限：从采购结束之日起至少保存**十五年**
- 采购文件可以电子档案方式保存

## 风险提示

1. **保存义务**：采购人、采购代理机构应当妥善保管每项采购活动的采购文件，不得伪造、变造、隐匿或者销毁
2. **违规责任**：违反保存要求的，将承担相应法律责任
3. **评审前提**：评审专家须根据采购文件规定的程序、方法和标准进行独立评审；采购文件内容违反国家有关强制性规定的，应停止评审"
基础概念与实务100,42,OK,40963,6,0.5208425098284524,中华人民共和国政府采购法 第三十八条 （一）,采购需求应当遵循什么原则？,"1) 结论
采购需求应当遵循完整、明确、清楚明了、客观量化、符合政策及标准等原则。具体包括：满足采购人实际需要；符合市场供应状况和市场公允标准；符合预算标准、资产配置标准等有关规定，厉行节约，不得超标准采购；技术要求和商务要求应当客观，量化指标应当明确相应等次。

2) 核心要求清单
- 采购需求应当完整、明确，包括功能目标、质量安全技术规格、数量交付时间地点、服务标准验收标准等七项内容
- 采购需求应当清楚明了、表述规范、含义准确
- 技术要求和商务要求应当客观，量化指标应当明确相应等次
- 满足采购人和服务对象实际需要，符合市场供应状况和市场公允标准
- 符合预算标准、资产配置标准等有关规定，厉行节约，不得超标准采购
- 按照《政府采购品目分类目录》，将采购标的细化到底级品目，合理设置采购包

3) 依据条款
- 条款：第十一条；来源法规：政府采购货物和服务招标投标管理办法(中华人民共和国财政部令第87号)
- 条款：第九条；来源法规：政府采购需求管理办法（财库〔2021〕22号）
- 条款：第十二条；来源法规：政府采购框架协议采购方式管理暂行办法（中华人民共和国财政部令第110号）

4) 适用条件
- 适用于所有政府采购项目的采购需求编制
- 技术要求和商务要求的量化指标应当明确相应等次，有连续区间的按照区间划分等次
- 采购需求可以直接引用相关国家标准、行业标准、地方标准等标准、规范，也可以根据项目目标提出更高的技术要求
- 属于信息化建设项目等定制开发类项目，应当约定知识产权的归属和处理方式

5) 风险提示
- 采购需求表述不准确可能导致后续采购执行困难、产生争议或重新采购
- 超标准采购可能导致违反预算管理规定
- 量化指标不明确可能影响供应商报价的公平性和可比性"
基础概念与实务100,43,OK,26959,3,0.6143974262985974,中华人民共和国政府采购法实施条例（中华人民共和国国务院令 第658号） 第二十条 （一）,采购文件是否可以指定特定品牌？,"**结论：** 采购文件不可以指定特定品牌。

**核心要求清单：**

- 采购文件不得限定或者指定特定的专利、商标、品牌或者供应商
- 采购需求中的技术、服务等要求不得指向特定供应商、特定产品
- 不得以不合理的条件对供应商实行差别待遇或者歧视待遇

**依据条款：**

- 条款：第二十条第（六）项；来源法规：《中华人民共和国政府采购法实施条例》
- 条款：第十七条；来源法规：扬州市财政局关于印发《扬州市政府采购文件编制指引清单》的通知（扬财购〔2023〕27号）

**适用条件：**

适用于所有政府采购项目的采购文件编制，包括招标文件、谈判文件、询价通知书等各类采购文件。无论是直接指定品牌，还是通过设定与特定品牌相关的技术参数等方式间接指定，均属于禁止行为。

**风险提示：**

指定特定品牌将被认定为以不合理条件限制或排斥潜在供应商，可能导致采购活动被质疑、投诉甚至被财政部门责令改正，影响采购项目进度，并可能面临法律责任。"
基础概念与实务100,44,OK,32664,6,0.38483600371612275,关于印发《政府采购货物买卖合同（试行）》的通知（财办库〔2024〕84号） （1）,在什么情况下可以引用品牌作为参考？,"## 结论

原则上不得在政府采购中引用特定品牌作为参考或要求。根据现有依据，只有在**无法实现竞争或确因实际需要**的极特殊情况下，方可引用品牌作为技术标准或参考，但须符合相关禁止性规定的例外条件。

## 核心要求清单

1. **禁止直接指定品牌**：不得在采购文件中限定或指定特定品牌
2. **禁止作为资格条件**：不得将特定品牌作为供应商投标的资格条件
3. **禁止作为评审因素**：不得以品牌作为评审打分项
4. **允许例外情形**：当采购需求无法通过技术指标描述清楚，确需引用品牌才能说明技术要求时，须说明理由并接受监督

## 依据条款

- 条款：第十四条 第（8）项
  来源法规：扬州市财政局关于印发《政府采购文件编制指引清单》的通知（扬财购〔2023〕27号）

- 条款：第十七条
  来源法规：扬州市财政局关于印发《政府采购文件编制指引清单》的通知（扬财购〔2023〕27号）

## 适用条件

若确需引用品牌作为参考，须满足以下条件：

1. **无法通过技术参数描述**：采购标的的技术要求确实无法通过客观、可量化的技术指标表述清楚
2. **说明理由**：在采购文件中须说明为何必须引用该品牌
3. **不构成限制竞争**：应尽量使用""同等档次""或""不低于某某品牌""等表述
4. **接受监督**：须符合财政部门监督检查要求

## 风险提示

- 违反规定指定品牌可能被视为""以不合理条件对供应商实行差别待遇或者歧视待遇""
- 可能被财政部门认定为违规并责令改正
- 可能引发供应商质疑投诉
- 情节严重的可能面临行政处罚"
基础概念与实务100,45,OK,35665,4,0.37199029326567146,政府采购货物和服务招标投标管理办法(中华人民共和国财政部令第87号) 第十四条 第一款,采购文件中设置资格条件应遵循哪些原则？,"## 结论

采购文件中设置资格条件应遵循以下核心原则：**合法性原则**、**公开透明公平竞争公正原则**、**禁止指向性原则**、**合理数量原则**。

## 核心要求清单

1. **合法性要求**：资格条件不得违反法律、行政法规、强制性标准、政府采购政策
2. **公平性要求**：不得违反公开透明、公平竞争、公正和诚实信用原则
3. **禁止指向性**：不得要求或标明特定供应商名称、货物品牌，不得含有指向特定供应商的技术、服务等条件
4. **数量要求**：邀请招标随机抽取不少于3家；竞争性谈判、询价从不少于3家供应商中确定
5. **程序要求**：资格预审应按照资格预审文件载明的标准和方法进行

## 依据条款

- **条款**：招标文件、资格预审文件的内容不得违反法律、行政法规、强制性标准、政府采购政策，或者违反公开透明、公平竞争、公正和诚实信用原则  
  **来源法规**：扬州市财政局关于印发扬州市政府采购采购人主体责任清单的通知（扬财购〔2022〕25号） 第二十一条第（一）款第4项

- **条款**：谈判文件、询价通知书不得要求或者标明供应商名称或者特定货物的品牌，不得含有指向特定供应商的技术、服务等条件  
  **来源法规**：扬州市财政局关于印发扬州市政府采购采购人主体责任清单的通知（扬财购〔2022〕25号） 第二十一条第（一）款第5项

- **条款**：采购人或者采购代理机构应当通过发布资格预审公告征集、从供应商库中选取、采购人书面推荐等方式产生符合资格条件的供应商名单，并从中随机抽取3家以上供应商  
  **来源法规**：政府采购货物和服务招标投标管理办法(中华人民共和国财政部令第87号) 第十四条第一款

- **条款**：谈判小组从符合相应资格条件的供应商名单中确定不少于三家的供应商参加谈判  
  **来源法规**：中华人民共和国政府采购法 第三十八条第一款第（三）项

- **条款**：询价小组根据采购需求，从符合相应资格条件的供应商名单中确定不少于三家的供应商  
  **来源法规**：中华人民共和国政府采购法 第四十条第一款第（二）项

## 适用条件

适用于所有采购方式的采购文件编制，包括招标、竞争性谈判、询价、竞争性磋商等。其中：
- 招标文件、资格预审文件适用合法性及公平性原则
- 谈判文件、询价通知书适用禁止指向性原则
- 邀请招标适用随机抽取程序要求
- 竞争性谈判、询价适用数量要求

## 风险提示

资格条件设置违法违规可能面临：责令限期改正、警告、通报批评，对直接负责的主管人员和其他直接责任人员给予处分。资格条件设置不合理影响潜在投标人投标或资格预审结果的，应当修改文件后重新招标。"
基础概念与实务100,46,OK,32021,6,0.47007307585795777,中华人民共和国政府采购法实施条例（中华人民共和国国务院令 第658号） 第二十条 （一）,是否可以要求供应商具有特定地区业绩？,"1. 结论
不可以要求供应商具有特定地区业绩。此类要求属于以不合理条件对供应商实行差别待遇或歧视待遇。

2. 核心要求清单
- 禁止将特定行政区域的业绩作为加分条件
- 禁止将特定行政区域的业绩作为中标、成交条件
- 禁止设定与采购项目具体特点和实际需要不相适应的资格条件
- 采购需求应当符合公平竞争原则，不得限制潜在供应商

3. 依据条款
条款：以特定行政区域或者特定行业的业绩、奖项作为加分条件或者中标、成交条件，属于以不合理的条件对供应商实行差别待遇或者歧视待遇；来源法规：《中华人民共和国政府采购法实施条例》第二十条第一款第四项

条款：非歧视性审查主要审查是否指向特定供应商或者特定产品，包括资格条件设置是否合理；来源法规：《政府采购需求管理办法》第三十一条第一款第一项

4. 适用条件
该禁止性规定适用于所有采购方式（公开招标、邀请招标、竞争性谈判、竞争性磋商、询价、单一来源采购等）。无论是在资格审查阶段还是评审阶段，均不得将供应商在特定行政区域的业绩作为资格条件或评审因素。

5. 风险提示
若设置特定地区业绩要求，可能被认定为差别待遇或歧视待遇，导致采购活动违法；供应商可依法提出质疑、投诉；财政部门可责令采购人、采购代理机构限期改正，给予警告，对直接负责的主管人员和其他直接责任人员依法给予处分。"
基础概念与实务100,47,OK,34778,6,0.4828747262755993,政府采购非招标采购方式管理办法(中华人民共和国财政部令第74号) 第十四条,是否可以要求供应商具有某些特定认证？,"1) 结论
可以要求供应商具有特定认证，但须满足条件：认证应与采购项目需求直接相关，不得指向特定供应商或特定产品，不得具有歧视性。

2) 核心要求清单
- 认证要求须与采购项目的履约能力直接相关
- 不得指向特定的专利、商标、品牌、技术路线
- 不得构成对特定供应商或产品的歧视
- 资格条件设置须具有合理性
- 评审因素设置不得具有倾向性

3) 依据条款
- 条款：第二十一条；来源法规：政府采购需求管理办法（财库〔2021〕22号）
- 条款：第三十一条第（一）项；来源法规：政府采购需求管理办法（财库〔2021〕22号）

4) 适用条件
- 适用于需由供应商提供设计方案、解决方案或组织方案，且供应商经验和能力对履约有直接影响的采购项目（如订购、设计等）
- 可在评审因素中适当考虑供应商的履约能力要求，并合理设置分值和权重

5) 风险提示
- 设置认证要求时须通过""非歧视性审查""，审查技术要求是否指向特定的专利、商标、品牌、技术路线
- 资格条件设置不合理、要求供应商提供超过2个同类业务合同可能被视为不具合理性
- 将履约能力作为评审因素时须审查其适当性，不得具有倾向性"
基础概念与实务100,48,OK,32803,6,0.4082196427130976,财政部关于印发《政府和社会资本合作项目政府采购管理办法》的通知 第九条（财库〔2014〕215号）,采购文件中评分标准应满足什么要求？,"**结论**

采购文件中的评分标准（评审标准）应当符合以下核心要求：应明确规定评审方法和评审标准，且评审标准应当合法、合规，不得设置歧视性或不合理的要求。

**核心要求清单**

1. 评审方法与评审标准应在采购文件中明确载明
2. 不得将国务院已明令取消的或国家行政机关非强制的资质、资格、认证、目录等作为评审标准
3. 评审标准中的实质性要求和条件应以醒目方式标明
4. 评审标准应当与采购需求相匹配，客观量化的指标应作为评审因素
5. 评审标准不得对供应商实行差别待遇或歧视待遇

**依据条款**

- 条款：第九条（项目采购文件应当包括采购邀请、竞争者须知、评审方法、评审标准、政府采购政策要求等）
  来源法规：财政部关于印发《政府和社会资本合作项目政府采购管理办法》的通知（财库〔2014〕215号）

- 条款：第二十二条第（1）项（将国务院已明令取消的或国家行政机关非强制的资质、资格、认证、目录等，作为实质性要求）
  来源法规：扬州市财政局关于印发扬州市政府采购负面清单的通知（扬财购〔2022〕17号）

- 条款：第二十二条第（2）项（对不允许偏离的实质性要求和条件，在采购文件中未规定或未以醒目方式标明）
  来源法规：扬州市财政局关于印发扬州市政府采购负面清单的通知（扬财购〔2022〕17号）

- 条款：第十七条（设置备选库、名录库、资格库作为参与政府采购活动的资格条件；以不合理条件对供应商实行差别待遇或者歧视待遇）
  来源法规：扬州市财政局关于印发《扬州市政府采购文件编制指引清单》的通知（扬财购〔2023〕27号）

**适用条件**

- 适用于所有政府采购项目的采购文件编制
- 适用于PPP项目政府采购文件编制
- 适用于招标投标方式和竞争性谈判、竞争性磋商等非招标方式

**风险提示**

- 评分标准设置不当可能导致采购活动被质疑或投诉
- 违反负面清单规定的评审标准可能导致采购结果无效
- 建议在编制评分标准时参照《政府采购货物和服务招标投标管理办法》（财政部令第87号）等相关规定确保合规性"
基础概念与实务100,49,OK,36624,6,0.44578365396214564,政府采购需求管理办法 第三十条（财库〔2021〕22号）,采购需求是否必须明确技术标准？,"1) 结论：采购需求必须明确技术标准。

2) 核心要求清单：
- 采购需求应当包括技术要求和商务要求
- 技术要求是指对采购标的的功能和质量要求，包括性能、材料、结构、外观、安全，或服务内容和标准等
- 货物项目应明确货物的技术要求
- 采购需求应明确采购标的需执行的各类标准、质量、安全等要求

3) 依据条款：
- 条款：第六条；来源法规：《政府采购需求管理办法》
- 条款：第十二条第一款、第四款；来源法规：《政府采购框架协议采购方式管理暂行办法》
- 条款：第九条第二款；来源法规：《扬州市政府采购文件编制指引清单》
- 条款：第十八条；来源法规：《政府采购支持绿色建材促进建筑品质提升政策项目实施指南》

4) 适用条件：
- 所有政府采购项目均需明确技术标准
- 货物项目需明确功能、性能、材料、结构、外观、安全等技术要求
- 服务项目需明确服务内容、服务标准、技术保障等服务要求

5) 风险提示：
- 未明确技术标准可能导致采购需求不完整，无法通过一般性审查
- 可能导致供应商响应标准不一致，影响采购质量和公平竞争
- 属于按规定需要报相关监管部门批准、核准的事项，应作出相关安排"
基础概念与实务100,50,OK,30858,5,0.4641468245226888,政府采购质疑和投诉办法（中华人民共和国财政部令第94号） 第十六条 （一）,采购文件发布后是否可以修改？,"1) 结论：采购文件发布后可以修改，但须遵守法定条件和程序限制。

2) 核心要求清单：
- 澄清或修改不得改变采购标的和资格条件
- 修改内容影响投标文件编制的，应在投标截止时间至少15日前以书面形式通知所有获取招标文件的潜在投标人
- 不足15日的，应当顺延提交投标文件的截止时间
- 应当在原公告发布媒体上发布澄清公告
- 澄清或修改的内容为招标文件的组成部分

3) 依据条款：
- 条款：第七十八条（二）
  来源法规：扬州市财政局关于印发扬州市政府采购采购人主体责任清单的通知（扬财购〔2022〕25号）
- 条款：第十六条（一）
  来源法规：政府采购质疑和投诉办法（中华人民共和国财政部令第94号）

4) 适用条件：
- 采购人或者采购代理机构可以对已发出的招标文件进行必要的澄清或者修改
- 澄清或修改的内容可能影响投标文件编制的，适用15日前通知和顺延截止时间的要求
- 供应商对采购文件提出质疑且质疑成立的情况下，也可通过澄清或修改方式处理

5) 风险提示：
- 擅自改变采购标的或资格条件进行修改属于违规行为
- 未按规定时限通知潜在投标人或未顺延截止时间，可能导致采购活动程序违法
- 质疑答复导致中标、成交结果改变的，应当将有关情况书面报告本级财政部门"
基础概念与实务100,51,OK,46900,5,0.3483374357937046,政府采购质疑和投诉办法（中华人民共和国财政部令第94号） 第六条,如果采购文件需要修改，应如何处理？,"## 结论

采购文件需要修改时，采购人或者采购代理机构可依法进行澄清或修改，但须遵守法定时限要求、不得改变采购标的和资格条件，并应在原公告发布媒体发布澄清公告。

## 核心要求清单

1. **时限要求**：澄清或修改内容影响投标文件编制的，应在投标截止时间**至少15日前**书面通知所有获取招标文件的潜在投标人；不足15日的，应**顺延提交投标文件的截止时间**
2. **内容限制**：不得改变**采购标的**和**资格条件**
3. **公告要求**：应在**原公告发布媒体**上发布澄清公告
4. **文件提供期限**：招标文件自开始发出之日起**不得少于5个工作日**
5. **修改效力**：澄清或修改的内容为招标文件的**组成部分**

## 依据条款

条款：对招标文件、资格预审文件、投标邀请书进行必要的澄清或者修改时的时间和内容要求；来源法规：扬州市政府采购采购人主体责任清单（扬财购〔2022〕25号）第七十八条（二）

## 适用条件

适用于采购人或者采购代理机构对已发出的招标文件、资格预审文件、投标邀请书进行修改的情形。

## 风险提示

若修改内容影响投标文件编制但未在规定时限（15日前）通知投标人，可能导致投标截止时间需要顺延，影响采购活动正常进行；若擅自改变采购标的或资格条件，可能构成违法违规行为。"
基础概念与实务100,52,OK,37478,2,0.31618443901962523,关于印发《政府采购公告和公示信息格式规范（2020年版）》的通知（财办库〔2020〕50号） 第二十二条,采购文件澄清的期限一般是多少？,"基于您提供的证据，我未找到关于“采购文件澄清期限”的直接规定。

**分析说明：**

证据1（财办库〔2020〕50号）涉及的是招标公告格式规范，其中与期限相关的内容包括：

- 招标文件获取期限：自公告发布之日起**不得少于5个工作日**
- 投标文件提交截止期限：自招标文件开始发出之日起至投标人提交投标文件截止之日止，**不得少于20日**

证据2（财政部令第74号）规定的是保证金退还时限，与澄清期限无关。

**结论：**

依据现有证据，无法直接确定采购文件澄清的具体法定期限。相关澄清期限规定可能存在于《政府采购法》《政府采购法实施条例》或《招标投标法》等上位法规中，但这些法规未在您提供的证据范围内。

**建议：**

如需获取采购文件澄清期限的准确规定，建议查阅：
- 《中华人民共和国政府采购法》
- 《中华人民共和国政府采购法实施条例》
- 《政府采购货物和服务招标投标管理办法》（财政部令第87号）

如您有其他相关证据，可继续提供以便进一步分析。"
基础概念与实务100,53,OK,24678,6,0.31605308811586136,财政部关于印发《政府采购竞争性磋商采购方式管理暂行办法》的通知-财库〔2014〕214号 第二十七条,供应商对采购文件有异议应如何处理？,"1) 结论
供应商对采购文件有异议的，可以通过质疑和投诉两个阶段处理。质疑阶段由采购人、采购代理机构答复；投诉阶段由财政部门处理。

2) 核心要求清单
- 供应商应先提出书面质疑
- 采购人/采购代理机构应在7个工作日内作出答复
- 质疑成立且影响采购结果的，需澄清或修改采购文件；无法澄清修改的，重新开展采购活动
- 对质疑答复不满或采购过程有异议的，可向财政部门投诉
- 财政部门经查证投诉事项成立且影响采购结果的，责令重新开展采购活动

3) 依据条款
- 条款：第十六条；来源法规：政府采购质疑和投诉办法
- 条款：第三十一条；来源法规：政府采购质疑和投诉办法

4) 适用条件
- 供应商提出质疑的时限：知道或应知其权益受到损害之日起7个工作日内
- 质疑答复期限：收到质疑后7个工作日内
- 投诉前置条件：供应商应当先依法进行质疑，对采购人、采购代理机构的答复不满意，或采购人、采购代理机构未在规定期限内作出答复的，可以向财政部门投诉
- 财政部门处理时限：收到投诉之日起30个工作日内

5) 风险提示
- 未经过质疑直接投诉的，财政部门不予受理
- 供应商虚假、恶意投诉的，将被列入不良行为记录名单
- 质疑或投诉事项涉及商业秘密的，采购人/采购代理机构及财政部门负有保密义务"
基础概念与实务100,54,OK,31128,6,0.30871769075736866,扬州市财政局关于印发《扬州市政府采购文件编制指引清单》的通知（扬财购〔2023〕27号） 第二十条 （1）,采购文件是否必须公开发布？,"## 1. 结论

采购文件**必须公开发布**，但在涉及国家秘密和商业秘密时可以除外。

## 2. 核心要求清单

- 采购文件应在“江苏政府采购网”公开发布
- 应按照采购流程完整、及时地编制各类公告信息
- 公告信息不得有虚假和误导性陈述，不得遗漏依法应当公开的事项
- 涉及国家秘密和商业秘密的可以不公开

## 3. 依据条款

条款：第三十三条；来源法规：《关于印发江苏省省级预算单位政府采购》
条款：第22条；来源法规：《扬州市财政局关于开展2022年全市政府采购代理机构监督检查评价工作的通知》（扬财购〔2022〕19号）

## 4. 适用条件

- 一般情况下，所有采购文件均应在指定媒体公开发布
- 仅在采购信息涉及国家秘密或商业秘密时方可不予公开
- 采购人应对公告信息的真实性、准确性、合法性负责

## 5. 风险提示

- 未按规定公开采购文件可能导致采购程序违法
- 虚假或遗漏依法应当公开的事项将承担相应法律责任"
基础概念与实务100,55,OK,20787,6,0.41485686848554,关于印发《政府采购公告和公示信息格式规范（2020年版）》的通知（财办库〔2020〕50号） 第二十二条,采购公告通常在哪些平台发布？,"1. 结论
采购公告应当在财政部和省级财政部门指定的政府采购信息发布媒体上发布。

2. 核心要求清单
- 采购信息必须公告
- 应在财政部指定的全国政府采购信息发布媒体上公告
- 应在省级财政部门指定的本地区政府采购信息发布媒体上公告
- 不得在其他非指定媒体上擅自发布

3. 依据条款
- 条款：第六条；来源法规：《政府采购信息公告管理办法》
- 条款：第三十条第一项、第二项；来源法规：《政府采购信息公告管理办法》
- 条款：第六条；来源法规：财政部关于印发《政府和社会资本合作项目政府采购管理办法》的通知（财库〔2014〕215号）

4. 适用条件
- 采购人或者采购代理机构为信息发布义务主体
- 财政部门负责指定发布媒体，其中财政部指定全国性媒体，省级财政部门可指定本地区媒体
- 除财政部和省级财政部门外，其他单位和个人不得指定发布媒体

5. 风险提示
- 未在指定媒体上公告信息的，将被财政部门责令限期改正，给予警告
- 对直接负责的主管人员和其他直接责任人员将给予处分并予通报
- 在两个以上指定媒体上公告同一信息时，实质内容明显不一致的，也将面临处罚"
基础概念与实务100,56,OK,40887,4,0.4389913842838778,政府采购质疑和投诉办法（中华人民共和国财政部令第94号） 第三十一条 （一）,采购文件是否必须提供免费下载？,"基于您提供的全部证据，现分析如下：

## 1. 结论

**根据现有证据，无法直接确认采购文件是否必须提供免费下载。**

## 2. 依据条款

证据1-4均未对""采购文件免费下载""作出明确规定：

- **证据1**（财政部令第94号第31条）：规定投诉处理及采购结果效力
- **证据2**（财政部令第94号第16条）：规定质疑答复后继续采购活动的条件
- **证据3**（扬财购〔2023〕27号第71条）：规定合同签订违规情形
- **证据4**（扬财购〔2023〕27号第20条）：规定采购文件编制的禁止性要求

## 3. 适用条件

由于证据中未涉及""采购文件免费下载""相关内容，故不适用。

## 4. 不确定点

- **核心问题**：证据清单中缺少关于采购文件免费下载的直接规定
- **可能的法规来源**：该问题通常规定于《政府采购法》及其实施条例、《政府采购货物和服务招标投标管理办法》（财政部令第87号）等法规中，但相关法规未出现在您的证据清单中
- **地方规定**：扬财购〔2023〕27号作为地方指引清单，也未包含此内容

**建议**：如需确认该问题，请补充提供《政府采购法》及相关配套规章作为证据。"
基础概念与实务100,57,OK,45332,6,0.4623275864596655,中华人民共和国政府采购法 第十二条,在政府采购中，技术参数是否可以过于细化？,"## 结论

在政府采购中，技术参数不得过于细化。技术参数作为评审因素时，应当与采购项目的具体特点和实际需要相适应，不得将未在采购需求中列明的技术参数作为评审因素，也不得以特定专利、商标、品牌、原产地或供应商作为技术参数要求。

## 核心要求清单

1. 技术参数应与采购项目具体特点和实际需要相适应
2. 技术参数应纳入采购需求中明确列示
3. 不得将未在采购需求中列明的技术参数作为评审因素
4. 不得以特定专利、商标、品牌、原产地或供应商作为评审因素
5. 不得将与采购货物服务质量无关的技术指标设定为评审因素

## 依据条款

- 条款：第十七条（3）、（7）
  来源法规：扬州市财政局关于印发《扬州市政府采购文件编制指引清单》的通知（扬财购〔2023〕27号）

## 适用条件

当采购人编制采购文件、设定技术参数和评审因素时，应遵循上述要求。特别是在将技术参数作为评审因素时，必须确保：
- 该技术参数已在采购需求中明确列明
- 与采购项目的具体特点和实际需要相适应
- 与合同履行有关
- 不指向特定供应商或特定品牌

## 风险提示

若技术参数过于细化或不当设置，可能被认定为：
- 以不合理条件限制或排斥潜在供应商
- 构成对特定供应商的定向采购
- 违反公平竞争原则
- 面临财政部门的监督检查和处理"
基础概念与实务100,58,OK,32256,3,0.5142310295747073,政府采购需求管理办法 第二十三条（财库〔2021〕22号）,如果采购需求存在明显指向性，如何处理？,"**结论**：采购需求存在明显指向性时，应当通过重点审查中的“非歧视性审查”进行纠正。审查内容包括技术要求是否指向特定专利、商标、品牌、技术路线等，以及评审因素是否具有倾向性。

**核心要求清单**：
- 1. 技术要求不得指向特定专利、商标、品牌、技术路线
- 2. 资格条件设置应合理，不得要求供应商提供超过2个同类业务合同（除非具有合理性）
- 3. 评审因素不得具有倾向性，不得将无关履约能力作为评审因素
- 4. 采购需求应保证充分竞争

**依据条款**：
- 条款：第三十一条第（一）项；来源法规：政府采购需求管理办法（财库〔2021〕22号）

**适用条件**：
- 适用于采用纳入集中采购目录以内的或者采购金额达到限额标准以上的采购项目
- 适用于采购需求确定阶段，由采购人或其委托的采购代理机构自行组织审查

**风险提示**：
- 存在明显指向性的采购需求可能被认定为违反公平竞争原则
- 可能导致采购活动被质疑或投诉
- 可能需要重新调整采购需求后重新开展采购活动"
基础概念与实务100,59,OK,39425,6,0.5708365237927995,政府采购需求管理办法 第二十一条（财库〔2021〕22号）,采购需求是否可以要求供应商提供样品？,"**1. 结论**
可以要求供应商提供样品，但需符合非歧视性原则，不得指向特定供应商或特定产品。

**2. 核心要求清单**
- 样品要求应当与采购项目需求相关，不得指向特定专利、商标、品牌、技术路线
- 样品要求如作为评审因素，应当是客观、可量化的指标
- 样品要求不得构成对潜在供应商的歧视性限制
- 需要通过竞争性审查，确保充分竞争

**3. 依据条款**
- 条款：第二十一条；来源法规：政府采购需求管理办法
- 条款：第三十一条第一款；来源法规：政府采购需求管理办法

**4. 适用条件**
- 采购需求客观、明确的项目：样品要求中客观但不可量化的指标应作为实质性要求，不得作为评分项；参与评分的指标应当是量化指标
- 不能完全确定客观指标，需由供应商提供设计方案、解决方案或组织方案的项目：可结合需求调查设置相关评审因素，但需注意不得具有倾向性

**5. 风险提示**
- 要求供应商提供样品可能增加供应商成本，可能影响潜在供应商参与积极性
- 如样品要求设置不当，可能被认定为指向特定供应商或产品，导致投诉风险
- 建议在采购需求中明确样品的功能要求而非具体技术参数，避免被认定为限制竞争"
基础概念与实务100,60,OK,54680,6,0.39350275715078137,政府采购非招标采购方式管理办法(中华人民共和国财政部令第74号) 第十六条,采购文件是否可以要求特定生产厂家授权？,"1) 结论：除进口货物外，采购文件不得将生产厂家授权、承诺、证明、背书等作为资格要求。

2) 核心要求清单：
- 采购文件不得将“生产厂家授权”设置为资格条件
- 采购文件不得将“生产厂家承诺、证明、背书”等作为资格要求
- 进口货物除外

3) 依据条款：
- 条款：将除进口货物以外的生产厂家授权、承诺、证明、背书等作为资格要求；来源法规：扬州市财政局关于印发《扬州市政府采购文件编制指引清单》的通知（扬财购〔2023〕27号）第十四条
- 条款：将除进口货物以外的生产厂家授权、承诺、证明、背书等作为资格要求；来源法规：扬州市财政局关于印发《扬州市政府采购文件编制指引清单》的通知（扬财购〔2023〕27号）第二十条第二款

4) 适用条件：
- 该要求适用于非进口货物的采购项目
- 进口货物采购时，生产厂家授权可作为资格要求

5) 风险提示：
- 将生产厂家授权作为资格要求，可能被认定为以不合理条件限制或排斥潜在供应商
- 违反公平竞争原则，可能导致采购活动违规
- 可能与优化营商环境的改革方向不符"
基础概念与实务100,61,OK,47142,6,0.560864659223978,财政部关于印发《政府采购评审专家管理办法》的通知 第二十七条（财库〔2016〕198号）,政府采购评审一般由什么机构进行？,"1) 结论：政府采购评审由依法组建的评审专家小组负责进行，评审专家由采购人或采购代理机构从财政部门建立的评审专家库中随机抽取产生。

2) 依据条款：
- 证据1：第二十七条（财库〔2016〕198号）规定""评审专家未按照采购文件规定的评审程序、评审方法和评审标准进行独立评审...""
- 证据3：第二十六条规定""评审专家不得参加与自己有利害关系的政府采购项目的评审活动""
- 证据4-6：均规定评审专家""客观、公正、审慎地履行职责，根据采购文件规定的评审程序、评审方法和评审标准独立评审""

3) 适用条件：
- 评审专家须从财政部门管理的评审专家库中抽取
- 评审专家须与供应商无利害关系，存在利害关系的应主动回避
- 评审专家须独立进行评审，不受任何机构干扰

4) 不确定点：
- 证据中未直接明确评审专家库的建立和管理细节
- 证据主要规定的是评审专家的行为规范和管理办法，而非评审机构的组织架构
- 证据层级为部门规章和地方性规定，未见法律或行政法规层级的明确规定"
基础概念与实务100,62,OK,49221,5,0.5738043235461344,中华人民共和国招标投标法 第四十四条,评标委员会一般由多少人组成？,"## 1) 结论

评标委员会一般由**5人以上单数**组成。对于技术复杂、社会影响较大或预算金额在1000万元以上的项目，成员人数应为**7人以上单数**。技术、经济等方面的专家不得少于成员总数的**三分之二**。

## 2) 核心要求清单

- 评标委员会成员人数为5人以上单数
- 技术/经济等方面专家不少于成员总数的三分之二
- 与投标人有利害关系的人不得进入评标委员会
- 评标委员会成员名单在中标结果确定前应当保密

## 3) 依据条款

条款：第三十七条；来源法规：中华人民共和国招标投标法
条款：第四十七条；来源法规：政府采购货物和服务招标投标管理办法(中华人民共和国财政部令第87号)

## 4) 适用条件

| 项目类型 | 成员人数 | 专家比例要求 |
|---------|---------|-------------|
| 一般依法必须招标的项目 | 5人以上单数 | 专家≥2/3 |
| 政府采购项目（预算≥1000万元/技术复杂/社会影响较大） | 7人以上单数 | 专家≥2/3 |

**注意**：招标投标法适用于工程建设项目；财政部令第87号适用于政府采购货物和服务招标投标项目。

## 5) 风险提示

- 评标委员会组成不符合法定人数要求的，评标意见可能无效
- 与投标人有利害关系的人进入评标委员会应予更换
- 特殊情况下无法及时补足成员的，应停止评标并重新组建评标委员会"
基础概念与实务100,63,OK,34294,6,0.42487200130138814,财政部关于印发《政府采购评审专家管理办法》的通知 第十八条（财库〔2016〕198号）,评审专家如何产生？,"## 结论

评审专家通过“公开征集→申请审核→入库管理”的程序产生。

## 核心要求清单

1. **征集方式**：各级财政部门采取发布公告、文件通知等形式征集
2. **申请渠道**：符合条件的申请人在专家管理系统在线注册登录，提交相关信息
3. **审核程序**：市、县财政部门初审 → 省财政厅审核
4. **入库管理**：审核通过后纳入评审专家库管理，发放统一印制的聘书
5. **聘期**：三年

## 依据条款

- 条款：第十三条；来源法规：《转发江苏省财政厅关于印发〈江苏省政府购评审专家管理办法〉的通知-扬财购[2018] 1号》
- 条款：第八条；来源法规：《政府采购评审专家管理办法》

## 适用条件

根据《政府采购评审专家管理办法》第八条，评审专家应当具备以下条件：
- (一) 具有较高的业务素质和良好的职业道德
- (二) 从事相关领域工作满8年，具有本科(含本科)以上文化程度，高级专业技术职称或者具有同等专业水平
- (三) 熟悉政府采购、招标投标的相关政策法规和业务理论知识
- (四) 本人愿意以独立身份参加政府采购评审工作，并接受财政部门的监督管理
- (五) 没有违纪违法等不良记录
- (六) 财政部门要求的其他条件

## 风险提示

评审专家产生后须接受定期资格检验复审（依据：《政府采购评审专家管理办法》第十三条），如存在违纪违法等不良记录，将被禁止参加政府采购评审活动（依据：《政府采购评审专家管理办法》第二十七条）。"
基础概念与实务100,64,OK,43019,5,0.327247645166536,政府采购货物和服务招标投标管理办法(中华人民共和国财政部令第87号) 第五十一条 （三）,评标委员会成员是否可以更换？,"## 1) 结论

**评标委员会成员可以更换**，但须符合法定情形。

## 2) 核心要求清单

- 与投标人有利害关系的成员应更换
- 因缺席、回避、健康等特殊原因导致组成不符合规定的，应依法补足或重新组建
- 被更换的成员所作评标意见无效
- 变更或重新组建情况应记录存档

## 3) 依据条款

- 条款：第三十七条第四款；来源法规：中华人民共和国招标投标法
- 条款：第四十九条；来源法规：政府采购货物和服务招标投标管理办法(中华人民共和国财政部令第87号)

## 4) 适用条件

**（1）法定必须更换的情形**
- 评标委员会成员与投标人有利害关系的，应当更换（招标投标法第37条）

**（2）可以更换的情形**
- 评标委员会成员缺席、回避或者健康等特殊原因导致评标委员会组成不符合规定的，采购人或者采购代理机构应当依法补足后继续评标（政府采购货物和服务招标投标管理办法第49条）
- 无法及时补足的，应当停止评标活动，封存所有投标文件，依法重新组建评标委员会进行评标（同上）

## 5) 风险提示

- 被更换的评标委员会成员所作出的评标意见无效
- 原评标委员会所作出的评标意见无效（重新组建情形下）
- 变更、重新组建评标委员会的情况应予以记录，并随采购文件一并存档
- 评标委员会成员的名单在中标结果确定前应当保密（招标投标法第37条）"
基础概念与实务100,65,OK,35870,6,0.4779167336840705,政府采购评审专家管理办法 第二十九条,评审专家是否可以与供应商私下接触？,"## 结论
评审专家不得与供应商私下接触。该行为被明确禁止，违者将受到相应处罚。

## 核心要求清单
1. 评审专家不得私下接触参与政府采购活动的供应商
2. 不得收受供应商及有关业务单位的财物或者好处
3. 与供应商存在利害关系的应当主动回避
4. 不得向外界透露评审情况及其他信息

## 依据条款
- **条款**：评审专家有下列情形之一的，将停止从事政府采购评审工作：(二)违反国家有关廉洁自律规定，私下接触或收受参与政府采购活动的供应商及有关业务单位的财物或者好处的
  - **来源法规**：政府采购评审专家管理办法 第二十九条

- **条款**：评审专家与供应商存在利害关系未回避的，处2万元以上5万元以下的罚款，禁止其参加政府采购评审活动
  - **来源法规**：财政部关于印发《政府采购评审专家管理办法》的通知 第二十七条（财库〔2016〕198号）

- **条款**：评审专家收受采购人、采购代理机构、供应商贿赂或者获取其他不正当利益，构成犯罪的，依法追究刑事责任；尚不构成犯罪的，处2万元以上5万元以下的罚款，禁止其参加政府采购评审活动
  - **来源法规**：财政部关于印发《政府采购评审专家管理办法》的通知 第二十七条（财库〔2016〕198号）

- **条款**：谈判小组、询价小组成员有下列行为之一的，应当予以处罚：(一)收受采购人、采购代理机构、供应商、其他利害关系人的财物或者其他不正当利益的
  - **来源法规**：政府采购非招标采购方式管理办法 第五十五条

## 适用条件
- 评审专家与供应商存在劳动关系、担任董事监事、控股股东或实际控制人
- 与供应商法定代表人或负责人有夫妻、直系血亲、三代以内旁系血亲、近姻亲关系
- 与供应商有其他可能影响政府采购活动公平、公正进行的关系
- 评审专家发现本人与供应商有利害关系的，应当主动提出回避

## 风险提示
- 私下接触供应商将导致停止从事政府采购评审工作
- 未回避的，处2万元以上5万元以下罚款，禁止参加评审活动
- 收受贿赂构成犯罪的，依法追究刑事责任
- 评审意见无效，不得获取评审费，有违法所得的予以没收"
基础概念与实务100,66,OK,43196,6,0.5012301582364095,中华人民共和国政府采购法实施条例（中华人民共和国国务院令 第658号） 第三十四条,什么是综合评分法？,"## 综合评分法概念与要求

### 1. 结论

综合评分法是指投标文件满足招标文件全部实质性要求，且按照评审因素的量化指标评审得分最高的供应商为中标候选人的评标方法。该方法适用于技术、服务等标准不统一的货物和服务项目。

### 2. 核心要求清单

| 序号 | 要求内容 |
|------|----------|
| 1 | 评审因素须与货物服务质量相关，包括报价、技术水平、履约能力、售后服务等 |
| 2 | 评审因素须细化和量化，与商务条件和采购需求对应 |
| 3 | 评审标准中的分值设置须与评审因素的量化指标相对应 |
| 4 | 资格条件不得作为评审因素 |
| 5 | 货物项目价格分值占比不得低于30%，服务项目不得低于10% |
| 6 | 价格分采用低价优先法计算 |
| 7 | 评标委员会各成员独立评价后汇总得分 |
| 8 | 须告知未中标人评审得分与排序 |

### 3. 依据条款

- **条款**：第三十四条
  **来源法规**：中华人民共和国政府采购法实施条例（中华人民共和国国务院令 第658号）

- **条款**：第五十五条
  **来源法规**：政府采购货物和服务招标投标管理办法（中华人民共和国财政部令第87号）

- **条款**：第六十九条
  **来源法规**：政府采购货物和服务招标投标管理办法（中华人民共和国财政部令第87号）

- **条款**：第二十三条
  **来源法规**：财政部关于印发《政府采购竞争性磋商采购方式管理暂行办法》的通知（财库〔2014〕214号）

- **条款**：第九条
  **来源法规**：财政部关于印发《政务信息系统政府采购管理暂行办法》的通知（财库〔2017〕210号）

### 4. 适用条件

- **法定适用**：技术、服务等标准不统一的货物和服务项目
- **强制适用**：政务信息系统采用招标方式采购的
- **禁止适用**：技术、服务等标准统一的货物和服务项目（应采用最低评标价法）
- **计算公式**：评标总得分=F1×A1＋F2×A2＋……＋Fn×An（F为各项评审因素得分，A为权重，权重之和为1）

### 5. 风险提示

- 评审标准中的分值设置未与评审因素的量化指标相对应，属于违法违规情形
- 资格条件不得作为评审因素，否则可能导致评审无效
- 未按规定告知未中标人评审得分与排序，构成程序违规
- 价格分值占比低于法定最低标准，评审结果可能被撤销"
基础概念与实务100,67,OK,30903,3,0.6363158980743421,政府采购货物和服务招标投标管理办法(中华人民共和国财政部令第87号) 第五十四条,什么是最低评标价法？,"**1) 结论**
最低评标价法是指投标文件满足招标文件全部实质性要求，且投标报价最低的投标人为中标候选人的评标方法。

**2) 核心要求清单**
- 适用条件：技术、服务等标准统一的货物和服务项目
- 投标文件须满足招标文件全部实质性要求
- 以投标报价最低作为确定中标候选人的唯一标准
- 价格调整仅限于算术修正和落实政府采购政策需进行的价格扣除外，不能对投标人的投标价格进行任何调整

**3) 依据条款**
- 条款：第五十四条；来源法规：政府采购货物和服务招标投标管理办法(中华人民共和国财政部令第87号)
- 条款：第三十四条；来源法规：中华人民共和国政府采购法实施条例（中华人民共和国国务院令 第658号）

**4) 适用条件**
技术、服务等标准统一的货物和服务项目，应当采用最低评标价法。

**5) 风险提示**
采用最低评标价法时，需确保投标文件满足招标文件全部实质性要求，不能仅以价格最低为由忽视质量、履约能力等实质性要求。价格调整仅限于算术修正和政府采购政策规定的 price deduction，不得任意调整投标报价。"
基础概念与实务100,68,OK,42086,6,0.3719843067987896,政府采购货物和服务招标投标管理办法(中华人民共和国财政部令第87号) 第五十五条,什么是价格分？,"## 结论

价格分是政府采购评标中用于衡量投标人报价竞争力的评分因素，采用“低价优先法”计算，即满足招标文件要求且投标价格最低的投标报价为评标基准价，得满分。

---

## 核心要求清单

1. **价格分权重下限**
   - 货物项目：不得低于总分值的30%
   - 服务项目：不得低于总分值的10%

2. **计算方法**
   - 低价优先法：投标报价得分=(评标基准价／投标报价)×100
   - 评标总得分=各评审因素得分乘以对应权重之和

3. **评审原则**
   - 评审因素须在招标文件中明确规定
   - 须量化到相应区间并设置各区间对应分值
   - 评标过程中不得去掉报价中的最高和最低报价

4. **政策功能**
   - 小微企业报价可享受6%—10%扣除（工程项目3%—5%）
   - 扣除后价格参加评审

---

## 依据条款

1. **条款**：第五十五条
   - **来源法规**：政府采购货物和服务招标投标管理办法(中华人民共和国财政部令第87号)

2. **条款**：第九条
   - **来源法规**：政府采购促进中小企业发展管理办法（财库〔2020〕46号）

3. **条款**：第九条
   - **来源法规**：财政部关于印发《政务信息系统政府采购管理暂行办法》的通知（财库〔2017〕210号）

4. **条款**：第二十四条、第三条
   - **来源法规**：财政部关于印发《政府采购竞争性磋商采购方式管理暂行办法》的通知（财库〔2014〕214号）

---

## 适用条件

- 适用于采用招标方式或竞争性磋商方式的政府采购项目
- 货物和服务项目均须设置价格分
- 执行国家统一定价标准和采用固定价格采购的项目，价格不列为评审因素

---

## 风险提示

- 未按规定设置价格分权重可能导致评标结果无效
- 未落实中小企业价格扣除政策可能面临投诉风险
- 价格分计算错误可能影响中标结果有效性"
基础概念与实务100,69,OK,53766,6,0.17510350323395682,政府采购框架协议采购方式管理暂行办法（中华人民共和国财政部令第110号） 第二条,什么是技术分？,"**结论**

在所提供的证据中，未找到“技术分”的直接定义或具体规定。

---

**核心要求清单**

- 证据中仅涉及“技术要求”的定义（见《政府采购需求管理办法》第六条）
- 未涉及评审阶段的技术评分机制

---

**依据条款**

条款：本办法所称采购需求，是指采购人为实现项目目标，拟采购的标的及其需要满足的技术、商务要求。技术要求是指对采购标的的功能和质量要求，包括性能、材料、结构、外观、安全，或者服务内容和标准等。
来源法规：《政府采购需求管理办法》第六条

---

**适用条件**

上述条款适用于采购需求的确定阶段，采购人应当明确采购标的的技术要求。

---

**风险提示**

现有证据未涵盖“技术分”的概念。技术分通常出现在评标环节，属于评审因素量化打分的范畴，与此处讨论的“技术要求”属于不同层面的问题。若需了解技术分的具体规定，建议补充提供相关评审办法或招标投标法规作为依据。"
基础概念与实务100,70,OK,43827,6,0.2576712162239756,政府采购需求管理办法 第六条（财库〔2021〕22号）,什么是商务分？,"## 结论

“商务分”是在政府采购项目评标过程中，针对投标人所提供的商务条件进行量化评审的得分。商务分是综合评分法的组成部分，与技术分、价格分等共同构成评标总得分。

## 核心要求清单

1. 评审因素应当与投标人所提供货物服务的质量相关
2. 评审因素应当细化和量化，且与相应的商务条件和采购需求对应
3. 商务条件和采购需求指标有区间规定的，评审因素应当量化到相应区间
4. 资格条件不得作为评审因素

## 依据条款

- 条款：第五十五条第二款、第三款；来源法规：政府采购货物和服务招标投标管理办法(中华人民共和国财政部令第87号)
- 条款：第六条；来源法规：政府采购需求管理办法

## 适用条件

1. 适用于采用综合评分法评标的政府采购货物和服务招标投标项目
2. 商务分对应的评审因素包括但不限于：交付（实施）的时间（期限）和地点（范围）、付款条件（进度和方式）、包装和运输、售后服务、保险、履约能力等
3. 货物项目的价格分值占总分值的比重不得低于30%；服务项目的价格分值占总分值的比重不得低于10%

## 风险提示

设定的商务条件应当与采购项目的具体特点和实际需要相适应，不得以不合理的条件对供应商实行差别待遇或者歧视待遇。"
基础概念与实务100,71,OK,26419,6,0.5218984259962082,财政部关于印发《政府采购评审专家管理办法》的通知 第十八条（财库〔2016〕198号）,评审专家评分是否必须独立进行？,"**结论：评审专家评分必须独立进行。**

**核心要求清单：**

1. 评审专家须按照客观、公正、审慎原则进行独立评审
2. 须根据采购文件规定的评审程序、评审方法和评审标准独立评审
3. 不得征询或接受采购人代表的倾向性意见
4. 不得私下达成一致意见、协商评分
5. 对个人的评审意见承担法律责任

**依据条款：**

1. 条款：第十八条；来源法规：财政部关于印发《政府采购评审专家管理办法》的通知（财库〔2016〕198号）
2. 条款：第二十七条；来源法规：财政部关于印发《政府采购评审专家管理办法》的通知（财库〔2016〕198号）
3. 条款：第七十五条；来源法规：中华人民共和国政府采购法实施条例（国务院令第658号）
4. 条款：第九条第（二）项；来源法规：政府采购非招标采购方式管理办法（财政部令第74号）

**适用条件：**

适用于所有政府采购项目的评审活动，包括招标、竞争性谈判、询价、竞争性磋商等采购方式。

**风险提示：**

- 未独立评审的，将被财政部门给予警告，并处2000元以上2万元以下的罚款
- 影响中标、成交结果的，处2万元以上5万元以下的罚款，禁止其参加政府采购评审活动
- 评审意见无效，不得获取评审费
- 有违法所得的，没收违法所得
- 给他人造成损失的，依法承担民事责任"
基础概念与实务100,72,OK,28365,6,0.4256033161537862,财政部关于印发《政府采购评审专家管理办法》的通知 第十八条（财库〔2016〕198号）,如果评审专家意见不一致，应如何处理？,"**结论：**
评审专家意见不一致时，应按照少数服从多数原则形成评审委员会决议；出现法定例外情形的，可现场修改评审结果并记载。评审专家须独立评审，不得私下达成一致意见干预结果。

**核心要求清单：**
1. 评审专家须独立评审，不得协商评分
2. 评审委员会按少数服从多数形成决议
3. 出现法定例外情形可现场修改评审结果
4. 评审专家之间不得私下达成一致意见影响干预评标结果

**依据条款：**
- 条款：评审委员会成员和评审工作有关人员不得干预或者影响正常评审工作，不得协商评分，不得记录、复制或带走任何评审资料。评审结果汇总完成后，采购人、采购代理机构和评审委员会均不得修改评审结果或者要求重新评审，但资格性检查认定错误、分值汇总计算错误、分项评分超出评分标准范围、客观分评分不一致、**经评审委员会一致认定评分畸高、畸低的情形除外**。出现上述除外情形的，评审委员会应当现场修改评审结果，并在评审报告中明确记载。
  来源法规：财政部关于进一步规范政府采购评审工作有关问题的通知（财库〔2012〕69号）
- 条款：评审专家应当严格遵守评审工作纪律,按照客观、公正、审慎的原则,根据采购文件规定的评审程序、评审方法和评审标准进行**独立评审**。
  来源法规：财政部关于印发《政府采购评审专家管理办法》的通知（财库〔2016〕198号）第十八条
- 条款：评审专家之间私下达成一致意见，违背公正、公开原则，影响和干预评标结果的，停止其从事政府采购评审工作。
  来源法规：政府采购评审专家管理办法第二十九条

**适用条件：**
- 独立评审原则适用于所有政府采购评审活动
- 现场修改评审结果的例外情形仅适用于：资格性检查认定错误、分值汇总计算错误、分项评分超出评分标准范围、客观分评分不一致、评审委员会一致认定评分畸高畸低
- 异地抽取专家或专家不足时，须按程序补抽

**风险提示：**
- 评审专家私下达成一致意见影响评标结果，将被停止从事政府采购评审工作
- 未按评审程序、方法和标准独立评审的，将被警告并处罚款，评审意见无效"
基础概念与实务100,73,OK,38810,6,0.4397845800706465,财政部关于印发《政府采购评审专家管理办法》的通知 第十八条（财库〔2016〕198号）,在评审过程中是否可以补充材料？,"## 1) 结论

**评审过程中原则上不允许供应商补充材料。** 评审活动应当依据供应商已提交的响应文件进行，评审专家应当根据采购文件规定的评审程序、评审方法和评审标准进行独立评审。

---

## 2) 核心要求清单

- 评审专家应按照采购文件规定的评审程序、评审方法和评审标准进行独立评审
- 评审过程中发现供应商响应文件存在疑问的，可以要求供应商作出澄清或说明，但澄清内容不得改变响应文件的实质性内容
- 供应商补充材料应当是在响应文件提交截止时间前，而非评审过程中

---

## 3) 依据条款

- **条款**：评审专家应当严格遵守评审工作纪律，按照客观、公正、审慎的原则，根据采购文件规定的评审程序、评审方法和评审标准进行独立评审
  - **来源法规**：财政部《政府采购评审专家管理办法》第十八条

- **条款**：政府采购评审专家应当遵守评审工作纪律，不得泄露评审文件、评审情况和评审中获悉的商业秘密
  - **来源法规**：《中华人民共和国政府采购法实施条例》第四十条

- **条款**：竞争性谈判小组或者询价小组在采购活动过程中应当履行下列职责：……（四）要求供应商解释或者澄清其响应文件
  - **来源法规**：财政部《政府采购非招标采购方式管理办法》第八条

---

## 4) 适用条件

- **澄清不等于补充**：评审过程中允许的是""解释或者澄清""已有响应文件，而非补充新材料
- **澄清的边界**：供应商的澄清或说明不得改变响应文件的实质性内容，否则可能被视为影响公平竞争
- **材料提交的时点**：供应商需在采购文件规定的响应文件提交截止时间前提交完整材料，截止后原则上不允许补充

---

## 5) 风险提示

- 评审专家在评审过程中擅自要求或接受供应商补充材料，可能构成违规
- 供应商在评审阶段补充材料，可能被认定为违反评审纪律，影响评审结果效力
- 如评审过程中确需核实相关信息，应当通过正式的澄清程序进行，而非随意补充材料"
基础概念与实务100,74,OK,42287,5,0.33732163635490064,财政部关于印发《政府采购评审专家管理办法》的通知 第四条（财库〔2016〕198号）,评审专家是否可以修改评分？,"## 综合分析

**结论：证据未明确规定评审专家是否可以修改评分**

### 依据条款分析

**证据1（财库〔2016〕198号 第四条）：**
> 财政部负责制定全国统一的评审专家专业分类标准和评审专家库建设标准，建设管理国家评审专家库。省级人民政府财政部门负责建设本地区评审专家库并实行动态管理。

**证据2（财库〔2016〕198号 第六条）：**
> 评审专家应当具备以下条件：（一）具有良好的职业道德，廉洁自律，遵纪守法……（四）承诺以独立身份参加评审工作，依法履行评审专家工作职责并承担相应法律责任

**证据3-4：**
> 评审专家应当具备较高的业务素质和良好的职业道德，在政府采购的评审过程中能以客观公正、廉洁自律、遵纪守法为行为准则

### 适用条件

从证据中可以推断：
- 评审专家应**客观公正**履行评审职责
- 评审专家应**依法履行评审工作职责**
- 评审工作应遵循**客观公正等职业道德规范**

### 不确定点

**核心问题：用户询问的""评审专家是否可以修改评分""属于评审程序具体操作规范，但全部证据中未找到关于评分修改权限、程序或限制的明确规定。**

现有证据主要涉及：
1. 评审专家的资格条件
2. 财政部门的监督管理职责
3. 专家的职业道德要求

**建议：** 如需确定评分修改的具体规则，可能需要查阅《政府采购法》、《政府采购法实施条例》或财政部关于评审程序的具体操作规程等上位法规。"
基础概念与实务100,75,OK,23862,1,0.9050543710679363,中华人民共和国招标投标法 第四十二条,评标委员会是否可以否决所有投标？,"1) 结论：评标委员会可以否决所有投标。

2) 核心要求清单：
- 前提条件：所有投标都不符合招标文件的实质性要求
- 程序要求：必须经过评标委员会评审
- 法律后果：依法必须进行招标的项目的所有投标被否决的，招标人应当重新招标

3) 依据条款：
条款：第四十二条；来源法规：中华人民共和国招标投标法

4) 适用条件：
- 适用情形：评标委员会经评审后，认定所有投标均不符合招标文件要求
- 适用范围：依法必须进行招标的项目和自愿招标的项目
- 投标被否决后的处理：依法必须招标的项目，招标人应当依照《招标投标法》重新招标

5) 风险提示：
- 评标委员会否决投标必须有充分理由，需证明所有投标确实不符合招标文件要求
- 对于依法必须招标的项目，不得随意放弃招标，否则将承担相应法律责任
- 重新招标时应吸取前次招标经验，完善招标文件要求"
基础概念与实务100,76,OK,33690,4,0.33314942539236864,财政部关于进一步规范政府采购评审工作有关问题的通知（财库〔2012〕69号）,采购人是否可以干预评审过程？,"## 结论
采购人**不得干预评审过程**。法律明确禁止任何单位和个人干预评审工作，采购人应依法独立履行采购职责，不得以任何方式影响评审委员会的独立评审。

## 核心要求清单
1. 采购人不得干预评审专家的抽取工作
2. 采购人不得干预评审专家的独立评审
3. 采购人应对评审活动保密，不得泄露评审委员会名单
4. 发现非法干预行为应及时向财政部门报告
5. 采购人与评审委员会应依法相互监督和制约

## 依据条款
- **条款**：任何单位和个人都不得指定评审专家或干预评审专家的抽取工作  
  **来源法规**：《政府采购评审专家管理办法》第十九条

- **条款**：评审专家在评审过程中受到非法干预的，应当及时向财政、监察等部门举报  
  **来源法规**：财政部关于印发《政府采购评审专家管理办法》的通知（财库〔2016〕198号）第十八条

- **条款**：采购人、采购代理机构和评审委员会在评审工作中，要依法相互监督和制约。对非法干预评审工作等违法违规行为，应当及时向财政部门报告  
  **来源法规**：财政部关于进一步规范政府采购评审工作有关问题的通知（财库〔2012〕69号）

## 适用条件
- 适用于所有政府采购项目的评审阶段
- 适用于评审专家的抽取环节和评审过程
- 采购人仅可在以下合法范围内参与：核实评审专家身份、告知回避要求、介绍政策法规、根据评审委员会要求解释采购文件、对数据差异进行提示

## 风险提示
干预评审过程属于违法违规行为，可能导致：
1. 采购结果被认定无效
2. 相关责任人受到行政处分
3. 涉嫌违纪违法的移送监察机关处理
4. 采购人需承担相应法律责任"
基础概念与实务100,77,OK,65126,1,0.7444109587705429,政府采购货物和服务招标投标管理办法(中华人民共和国财政部令第87号) 第五十四条,中标候选人一般推荐多少名？,"1) **结论**

提供的证据清单中仅包含《政府采购货物和服务招标投标管理办法》(财政部令第87号)第54条，该条款规定的是最低评标价法的定义和适用情形，**未涉及中标候选人推荐数量的规定**。因此，从给定证据中无法得出中标候选人推荐数量的结论。

2) **依据条款**

证据1：《政府采购货物和服务招标投标管理办法》(中华人民共和国财政部令第87号)第54条
- 内容：规定最低评标价法的适用情形
- 局限性：仅涉及评标方法，未规定中标候选人数量

（注：证据清单仅此一条，无法满足""至少2条依据""的要求）

3) **适用条件**

不适用——现有证据未覆盖问题所涉内容。

4) **不确定点**

- 证据不足：给定证据清单中缺少涉及中标候选人数量规定的相关条款（如《政府采购法实施条例》、《招标投标法》或87号令其他条款）
- 潜在相关法规：中标候选人数量规定可能存在于《政府采购货物和服务招标投标管理办法》其他条款或其他上位法中，但未在当前证据清单中呈现

---

**说明**：根据《政府采购货物和服务招标投标管理办法》第四十六条、第五十四条等相关规定，中标候选人的确定有具体程序，但证据清单中未包含这些条款。建议补充相关证据后再作判断。"
基础概念与实务100,78,OK,24576,4,0.5518252398252734,中华人民共和国招标投标法 第三十七条,中标结果是否必须公示？,"1) 结论：是的，中标结果必须公示（公告）。

2) 核心要求清单：
- 公告时限：自中标人确定之日起2个工作日内
- 公告媒体：省级以上财政部门指定的媒体
- 公告内容：采购人及其委托的采购代理机构的名称、地址、联系方式，项目名称和项目编号，中标人名称、地址和中标金额，主要中标标的的名称、规格型号、数量、单价、服务要求，中标公告期限以及评审专家名单
- 公告期限：1个工作日
- 同步义务：招标文件应当随中标结果同时公告

3) 依据条款：
- 条款：第六十九条；来源法规：政府采购货物和服务招标投标管理办法(中华人民共和国财政部令第87号)

4) 适用条件：
- 适用于政府采购货物和服务招标投标项目
- 邀请招标方式还需公告所有被推荐供应商名单和推荐理由

5) 风险提示：
- 未公告中标结果可能违反财政部87号令规定
- 未向未通过资格审查的投标人告知未通过原因
- 未采用综合评分法评审时，未告知未中标人本人的评审得分与排序
- 上述行为可能影响中标结果的合法性"
基础概念与实务100,79,OK,32970,4,0.2762988849249797,政府采购非招标采购方式管理办法(中华人民共和国财政部令第74号) 第四条 （一）,公示期限一般是多少天？,"1) 结论
公示期限一般为**5个工作日**。

2) 核心要求清单
- 单一来源采购方式公示：公示期不得少于5个工作日
- 招标公告：公告期限自公告发布之日起5个工作日
- 异议处理：公示期满后5个工作日内组织补充论证

3) 依据条款
- 条款：公示期不得少于5个工作日；来源法规：政府采购非招标采购方式管理办法(中华人民共和国财政部令第74号) 第四条
- 条款：自本公告发布之日起5个工作日；来源法规：关于印发《政府采购公告和公示信息格式规范（2020年版）》的通知（财办库〔2020〕50号） 第二十二条
- 条款：公示期满后5个工作日内；来源法规：政府采购非招标采购方式管理办法(中华人民共和国财政部令第74号) 第四十条

4) 适用条件
- 单一来源采购方式在报财政部门批准前，须在省级以上财政部门指定媒体上公示
- 招标公告须在省级以上人民政府财政部门指定的政府采购信息发布媒体上发布
- 不同采购方式的具体公示期限可能有特殊规定，需根据具体项目类型确定

5) 风险提示
公示期限不足可能导致采购程序违法，需注意工作日的计算方式（不含法定节假日）。若公示期内收到异议，需按照规定在公示期满后5个工作日内组织补充论证。"
基础概念与实务100,80,OK,54683,1,0.8565079771104128,中华人民共和国政府采购法 第四十六条,如果中标供应商放弃中标资格，应如何处理？,"1) 结论
中标供应商放弃中标资格的，应当依法承担法律责任。采购人可按法规重新确定中标供应商或重新采购。

2) 核心要求清单
- 采购人与中标供应商应在中标通知书发出之日起30日内签订政府采购合同
- 中标通知书对采购人和中标供应商均具有法律效力
- 供应商放弃中标项目的，须承担相应法律责任
- 采购人可依法重新确定中标供应商或重新开展采购活动

3) 依据条款
条款：第四十六条；来源法规：中华人民共和国政府采购法

4) 适用条件
- 适用于中标通知书已发出的情形
- 供应商明确表示放弃中标资格或未在规定期限内签订合同
- 采购文件确定的事项是签订合同的前提

5) 风险提示
- 供应商可能面临被列入不良行为记录、暂停投标资格等行政处罚风险
- 采购人需重新组织招标，增加时间成本和采购周期
- 具体法律责任的认定和承担方式，需结合采购文件约定及相关法规综合判断"
基础概念与实务100,81,OK,25405,5,0.41310683567618317,政府采购质疑和投诉办法（中华人民共和国财政部令第94号） 第十二条 （一）,什么是政府采购质疑？,"## 结论

政府采购质疑是指供应商作为政府采购活动的当事人，认为采购文件、采购过程和中标、成交结果使自身合法权益受到损害时，依法向采购人、采购代理机构提出的书面质询和异议。

## 核心要求清单

- 质疑主体：供应商（需为自然人或法人、其他组织）
- 质疑形式：提交质疑函和必要的证明材料
- 质疑函须载明六项内容：①供应商基本信息；②质疑项目信息；③具体明确的质疑事项和请求；④事实依据；⑤法律依据；⑥提出日期
- 签署要求：自然人由本人签字；法人或其他组织由法定代表人/主要负责人/授权代表签字盖章，并加盖公章

## 依据条款

条款：第十二条；来源法规：《政府采购质疑和投诉办法》（中华人民共和国财政部令第94号）

条款：第十二条第一项至第六项；来源法规：《政府采购质疑和投诉办法》（中华人民共和国财政部令第94号）

## 适用条件

1. 质疑主体必须是供应商，即参与政府采购活动的潜在供应商或已参与采购活动的供应商
2. 质疑对象可以是采购文件、采购过程或中标/成交结果
3. 供应商需有具体、明确的质疑事项和与质疑事项相关的请求
4. 供应商需提供事实依据和法律依据
5. 供应商为自然人的应当由本人签字；供应商为法人或者其他组织的，应当由法定代表人、主要负责人，或者其授权代表签字或者盖章，并加盖公章

## 风险提示

- 供应商未按照规定提出质疑的，可能丧失后续投诉的权利
- 质疑函内容不完整或缺少必要证明材料的，可能导致质疑不被受理
- 质疑应当有明确的事实和法律依据，否则可能承担不利后果"
基础概念与实务100,82,OK,35239,6,0.4276992656559507,政府采购信息公告管理办法 第八条 （一）,什么是政府采购投诉？,"1. 结论
政府采购投诉是供应商认为采购文件、采购过程或中标/成交结果损害其合法权益，依法向财政部门请求救济的行政裁决行为，是政府采购法赋予供应商的权利，也是财政部门依法履行的行政裁决职责。

2. 核心要求
- 投诉主体：供应商（潜在供应商）
- 投诉对象：采购文件、采购过程、中标/成交结果
- 受理机关：县级以上各级人民政府财政部门
- 处理原则：依法、公平、高效
- 法律依据：《政府采购法》《政府采购法实施条例》《政府采购质疑和投诉办法》（财政部94号令）

3. 依据条款
- 条款：供应商投诉是政府采购法赋予供应商的权利，有利于促进政府采购活动公开、公平、公正。政府采购投诉处理作为对政府采购纠纷进行裁处的行为，是政府采购监管的一项重要职能
  来源法规：关于进一步规范政府采购投诉处理工作的通知（苏财购〔2021〕4号）第一条
- 条款：依据政府采购法规定，各级财政部门是负责政府采购监督的部门，依法履行对政府采购活动的监督管理职责。财政部94号令规定，县级以上各级人民政府财政部门负责依法处理供应商投诉
  来源法规：关于进一步规范政府采购投诉处理工作的通知（苏财购〔2021〕4号）第一条
- 条款：监管部门处理政府采购投诉应当建立健全法律咨询机制
  来源法规：财政部关于加强政府采购活动内部控制管理的指导意见（财库〔2016〕99号）第二条
- 条款：必须公告...（五）财政部门受理政府采购投诉的联系方式及投诉处理决定
  来源法规：政府采购信息公告管理办法 第八条

4. 适用条件
- 供应商需先进行质疑程序，对质疑答复不满意或采购人未在规定时限内答复方可投诉
- 投诉应在知道或应当知道其权益受损之日起法定期限内提出
- 投诉应递交书面投诉书，并附相关证据材料

5. 风险提示
- 供应商提供虚假材料或恶意投诉将承担相应法律责任
- 投诉处理期间，财政部门可按相关规定暂停采购活动
- 财政部门处理投诉不属于行政诉讼前置程序，供应商对处理决定不服可依法申请行政复议或提起行政诉讼"
基础概念与实务100,83,OK,22466,5,0.47859001478278257,中华人民共和国政府采购法实施条例（中华人民共和国国务院令 第658号） 第五十二条,供应商提出质疑的期限是多少？,"1) 结论
供应商提出质疑的期限为**知道或者应知其权益受到损害之日起7个工作日内**。

2) 核心要求清单
- 质疑期限：知道或应知其权益受到损害之日起7个工作日内
- 质疑方式：应当提交质疑函和必要的证明材料
- 质疑函应包括：供应商姓名/名称、地址、联系人及联系电话；质疑项目名称、编号；具体明确的质疑事项和请求；事实依据；必要的法律依据；提出质疑日期

3) 依据条款
- 条款：**第五十二条**；来源法规：《中华人民共和国政府采购法》
- 条款：**第十条**；来源法规：《政府采购质疑和投诉办法》（中华人民共和国财政部令第94号）

4) 适用条件
- 供应商认为采购文件、采购过程和中标、成交结果使自己的权益受到损害的
- 质疑期限从供应商知道或应当知道其权益受到损害之日起计算
- 供应商为自然人的，由本人签字；为法人或其他组织的，由法定代表人、主要负责人或授权代表签字盖章，并加盖公章

5) 风险提示
- 超过法定期限提出的质疑，采购人或采购代理机构可以不予受理
- 供应商伪造、变造证明材料或者提供虚假质疑材料的，将承担相应法律责任"
基础概念与实务100,84,OK,53183,6,0.4634750152188696,政府采购质疑和投诉办法（中华人民共和国财政部令第94号） 第十二条 （一）,供应商提出投诉的期限是多少？,"我需要指出，当前提供的证据清单中**未包含供应商投诉期限的具体规定**。

让我基于现有证据进行最大程度的分析：

**1) 结论**

证据清单中**未明确规定**供应商提出投诉的具体期限。证据1和证据6均来自《政府采购质疑和投诉办法》（财政部令第94号），但分别涉及的是质疑函内容和投诉管辖权，**均未包含投诉时限条款**。

**2) 依据条款**

由于证据不足，无法提供符合""至少2条""要求的依据条款。现有证据仅涉及：
- 证据1：第十二条（质疑函内容要求）
- 证据6：第六条（投诉管辖）

**3) 适用条件**

无法确定。

**4) 不确定点**

- 供应商投诉期限的具体天数未在证据中出现
- 《政府采购质疑和投诉办法》中关于投诉期限的具体条款（如通常规定的7个工作日或法定期限）未被纳入本次证据清单

**建议**：如需获取供应商投诉期限的准确规定，需要补充提交《政府采购质疑和投诉办法》相关条款（如第十条、第十一条等关于质疑答复期限及投诉时限的规定）作为证据。"
基础概念与实务100,85,OK,36411,5,0.4995631804703924,政府采购质疑和投诉办法（中华人民共和国财政部令第94号） 第八条,质疑应向谁提出？,"1) 结论
质疑应向**采购人或采购代理机构**提出。

2) 核心要求清单
- 应采取书面形式提出
- 需提交质疑函和必要的证明材料
- 质疑函应包括供应商信息、质疑项目信息、具体质疑事项、事实依据、法律依据、提出日期等
- 供应商为自然人的应由本人签字；为法人或其他组织的应由法定代表人或主要负责人签字并加盖公章

3) 依据条款
- 条款：**《江苏省政府采购供应商监督管理暂行办法》第三十条**；来源法规：江苏省政府采购供应商监督管理暂行办法
- 条款：**第十二条**；来源法规：政府采购质疑和投诉办法（中华人民共和国财政部令第94号）
- 条款：**《财政部关于进一步规范政府采购评审工作有关问题的通知》**；来源法规：财政部关于进一步规范政府采购评审工作有关问题的通知（财库〔2012〕69号）

4) 适用条件
- 供应商认为采购文件、采购过程、中标或者成交结果使自己的权益受到损害的，可以在法定质疑期限内提出质疑
- 需有明确的质疑事项和与质疑事项相关的请求
- 需提供事实依据和必要的法律依据

5) 风险提示
- 质疑须在法定期限内提出，逾期可能丧失质疑权利
- 质疑事项应具体、明确，空泛或笼统的质疑可能不被受理
- 供应商为法人或其他组织的，授权代表签字需同时加盖公章，否则可能影响质疑效力"
基础概念与实务100,86,OK,29229,6,0.3813661234164782,政府采购信息公告管理办法 第八条 （一）,投诉应向哪个部门提出？,"1) 结论：投诉应向财政部门提出。

2) 核心要求清单：

- 投诉应向采购人所属预算级次的财政部门提出
- 供应商可以委托代理人进行投诉，但须提交授权委托书
- 投诉应当符合政府采购质疑和投诉办法规定的条件

3) 依据条款：

- 条款：第八条“（五）财政部门受理政府采购投诉的联系方式及投诉处理决定”；来源法规：政府采购信息公告管理办法
- 条款：第八条“供应商可以委托代理人进行质疑和投诉。其授权委托书应当载明代理人的姓名或者名称、代理事项、具体权限、期限和相关事项”；来源法规：政府采购质疑和投诉办法（中华人民共和国财政部令第94号）

4) 适用条件：

- 适用于在政府采购活动中权益受到侵害的供应商
- 供应商应当先进行质疑，对质疑答复不满意或采购人未在规定期限内作出答复的，方可提出投诉

5) 风险提示：

- 未经过质疑程序直接投诉，可能不被受理
- 投诉超过法定期限（收到质疑答复后15个工作日内），财政部门可不予受理
- 投诉事项应当具体明确，并提供必要的证明材料"
基础概念与实务100,87,OK,43293,3,0.6285781941745029,政府采购质疑和投诉办法（中华人民共和国财政部令第94号） 第二十七条,财政部门处理投诉的期限是多少？,"根据您提供的证据，我未能找到财政部门处理投诉的**具体期限天数**的直接规定。

证据1（第二十七条）仅规定了**不计入投诉处理期限的情形**，即：
- 检验、检测、鉴定、专家评审的时间
- 投诉人补正材料所需的时间

该条款定义了“所需时间”的计算方式，但未明确财政部门作出投诉处理决定的总时限。

**依据条款**：
- 条款：第二十七条；来源法规：政府采购质疑和投诉办法（中华人民共和国财政部令第94号）

**适用条件**：
财政部门在计算投诉处理期限时，应将上述检验、检测、鉴定、专家评审及补正材料的时间予以扣除。

**风险提示**：
由于现有证据未包含具体期限天数，建议查阅《政府采购质疑和投诉办法》其他条款（如第二十六条等）或相关上位法（如《政府采购法》）以获取完整的投诉处理期限规定。若需进一步明确，建议补充查询相关法规原文。"
基础概念与实务100,88,OK,25367,2,0.5252444263300147,政府采购质疑和投诉办法（中华人民共和国财政部令第94号） 第八条,如果采购人未回复质疑，供应商可以如何处理？,"## 结论

供应商可向采购人同级财政部门提起投诉。

## 核心要求清单

1. 质疑需在法定期限内提出
2. 供应商需在采购人逾期未答复时方可投诉
3. 投诉需符合法定条件并提交相关材料

## 依据条款

条款：第三十五条；来源法规：政府采购质疑和投诉办法

> **注**：因采购人未在法定期限内作出答复，供应商可以依法提起投诉。**

## 适用条件

1. 供应商已依法提出质疑
2. 采购人未在规定期限内作出答复
3. 供应商认为自身权益受到损害

## 风险提示

1. 投诉有严格时限要求，需在法定期限内提出
2. 建议供应商先行与采购人沟通确认未回复原因
3. 需准备质疑函、答复证明等材料作为投诉依据"
基础概念与实务100,89,OK,26309,6,0.324798578351223,政府采购质疑和投诉办法（中华人民共和国财政部令第94号） 第三十七条 （一）,什么情况下投诉可能被认定为恶意投诉？,"## 1) 结论

投诉被认定为恶意投诉（即虚假、恶意投诉）的情形包括：**捏造事实**、**提供虚假材料**、以**非法手段取得证明材料**。此外，在全国范围12个月内三次以上投诉查无实据的，也会被认定为恶意投诉。

## 2) 核心要求清单

- 投诉人捏造事实进行投诉
- 投诉人提供虚假材料进行投诉
- 投诉人通过非法手段取得证明材料进行投诉
- 投诉人在全国范围12个月内三次以上投诉且查无实据
- 证据来源合法性存在明显疑问，且投诉人无法证明取得方式合法的，视为以非法手段取得

## 3) 依据条款

- **条款**：第三十七条；**来源法规**：政府采购质疑和投诉办法（中华人民共和国财政部令第94号）
- **条款**：第六条第三项；**来源法规**：关于印发《江苏省政府采购信用管理暂行办法》的通知（苏财规〔2018〕18号）

## 4) 适用条件

- 投诉人存在上述三种行为之一（捏造事实、提供虚假材料、非法手段取得证明材料），即被认定为虚假、恶意投诉
- 投诉人在全国范围内12个月内累计三次以上投诉，且经查证均无实据
- 对于""非法手段取得证明材料""的认定：证据来源的合法性存在明显疑问，投诉人无法证明其取得方式合法的，视为以非法手段取得证明材料

## 5) 风险提示

被认定为虚假、恶意投诉的法律后果：
- 由财政部门列入不良行为记录名单
- 禁止其1至3年内参加政府采购活动"
基础概念与实务100,90,OK,25860,6,0.4286380360720545,政府采购货物和服务招标投标管理办法(中华人民共和国财政部令第87号) 第六十四条 第一款,财政部门是否可以组织专家复核？,"## 结论

财政部门不能直接组织专家复核，但可以要求采购人或采购代理机构组织原评标委员会进行重新评审。

## 核心要求清单

1. **复核责任主体**：评标复核应由评标委员会、采购人或采购代理机构负责，而非财政部门
2. **复核时限要求**：评标报告签署前发现问题的，评标委员会应当场修改；签署后发现问题的，应组织原评标委员会重新评审
3. **财政部门职责**：财政部门是接收书面报告的监管部门，不直接参与评审复核
4. **报告义务**：重新评审改变评标结果的，应当书面报告本级财政部门

## 依据条款

条款：第六十四条；来源法规：政府采购货物和服务招标投标管理办法(中华人民共和国财政部令第87号)

条款：第五十四条；来源法规：扬州市财政局关于印发扬州市政府采购采购人主体责任清单的通知（扬财购〔2022〕25号）

## 适用条件

适用于以下情形可组织重新评审：
- 分值汇总计算错误的
- 分项评分超出评分标准范围的
- 评标委员会成员对客观评审因素评分不一致的
- 经评标委员会认定评分畸高、畸低的

## 风险提示

财政部门直接组织专家复核缺乏法规依据，可能构成越权行为。财政部门发现问题时，应通过要求采购人、采购代理机构组织重新评审的方式进行纠正，并接收书面报告。"
基础概念与实务100,91,OK,23713,1,0.7649636194220043,中华人民共和国政府采购法 第七十七条 （一）,如果供应商提供虚假材料参与投标，应承担什么责任？,"## 结论

供应商提供虚假材料谋取中标、成交的，将承担行政处罚责任，情节严重的还可能承担刑事责任，且中标、成交无效。

## 核心要求清单

1. **罚款**：处以采购金额千分之五以上千分之十以下的罚款
2. **市场禁入**：列入不良行为记录名单，在一至三年内禁止参加政府采购活动
3. **没收违法所得**：有违法所得的，并处没收违法所得
4. **吊销营业执照**：情节严重的，由工商行政管理机关吊销营业执照
5. **刑事责任**：构成犯罪的，依法追究刑事责任
6. **中标成交无效**：供应商有上述情形的，中标、成交无效

## 依据条款

条款：第七十七条；来源法规：中华人民共和国政府采购法

## 适用条件

1. 供应商存在“提供虚假材料谋取中标、成交”的行为
2. 该行为发生在政府采购招标投标过程中
3. 不以是否实际取得中标、成交为要件，只要存在该行为即适用

## 风险提示

1. 供应商提供虚假材料即使未中标成交，仍需承担相应法律责任
2. 提供虚假材料属于严重违法行为，可能导致企业被列入不良行为记录名单，严重影响企业信誉和未来投标资格
3. 情节严重的，可能面临吊销营业执照的行政处罚
4. 构成犯罪的，依法追究刑事责任，可能面临刑事处罚"
基础概念与实务100,92,OK,21956,1,0.458349121397001,中华人民共和国招标投标法 第五十三条,如果供应商串通投标，应承担什么责任？,"**结论：**
供应商串通投标的，将承担中标无效、罚款、没收违法所得、取消投标资格、吊销营业执照、追究刑事责任及赔偿损失等多重法律责任。

**核心要求清单：**
1. 中标无效
2. 罚款（中标金额千分之五至千分之十；对直接责任人罚款数额的百分之五至百分之十）
3. 没收违法所得
4. 情节严重的，取消1-2年内投标资格并公告，直至吊销营业执照
5. 构成犯罪的，依法追究刑事责任
6. 给他人造成损失的，依法承担赔偿责任

**依据条款：**
条款：第五十三条；来源法规：中华人民共和国招标投标法

**适用条件：**
适用于以下情形：
- 投标人相互串通投标
- 投标人 与招标人串通投标
- 投标人以向招标人或者评标委员会成员行贿的手段谋取中标

**风险提示：**
1. 串通投标行为一旦查实，中标即无效，即使已签订合同也将被认定无效
2. 情节严重的，可能被取消1-2年内参加依法必须进行招标项目的投标资格
3. 单位直接负责的主管人员和其他直接责任人员将面临个人罚款
4. 构成犯罪的，依法追究刑事责任，风险极高
5. 给他人造成损失的，需承担民事赔偿责任"
基础概念与实务100,93,OK,44953,3,0.5912342418823197,中华人民共和国政府采购法实施条例（中华人民共和国国务院令 第658号） 第七十二条 （一）,如果采购人违反政府采购法律，应承担什么责任？,"## 结论

采购人违反政府采购法律的，需承担**行政处理处罚、民事赔偿责任及刑事法律责任**。具体责任形式取决于违法行为的性质和后果。

---

## 核心要求清单

1. **合同撤销与重新采购**：政府采购合同已签订但尚未履行的，撤销合同，从合格中标/成交候选人中另行确定中标/成交供应商；无合格候选人的，重新开展采购活动
2. **民事赔偿责任**：政府采购合同已经履行，给采购人、供应商造成损失的，由责任人承担赔偿责任
3. **财政违法行为责任**：存在截留、挪用和滞留资金等财政违法行为的，依《预算法》《财政违法行为处罚处分条例》追究责任
4. **刑事法律责任**：涉嫌犯罪的，移送司法机关处理

---

## 依据条款

- **条款**：第七十二条；**来源法规**：中华人民共和国政府采购法实施条例
- **条款**：第三十一条；**来源法规**：政府购买服务管理办法

---

## 适用条件

| 责任类型 | 适用情形 |
|---------|---------|
| 合同撤销/重新确定供应商 | 政府采购当事人违反法规，经改正后仍影响或可能影响中标/成交结果，或依法被认定为中标/成交无效 |
| 民事赔偿 | 政府采购合同已履行，给对方造成损失 |
| 财政违法行为责任 | 存在截留、挪用、滞留资金等违反预算管理法律法规的行为 |
| 刑事责任 | 违法行为涉嫌犯罪 |

---

## 风险提示

1. 采购人的违法行为即使在事后改正，仍可能因“可能影响中标、成交结果”而导致采购活动无效
2. 财政违法行为不仅追究单位责任，还可能追究直接责任人个人责任
3. 采购人与供应商恶意串通等严重违法行为，可能同时触发民事赔偿和刑事责任"
基础概念与实务100,94,OK,38195,3,0.3377605761925742,政府采购非招标采购方式管理办法(中华人民共和国财政部令第74号) 第五十条 （一）,如果采购代理机构违规操作，应承担什么责任？,"## 结论

现有证据未明确直接规定采购代理机构违规操作的具体法律责任条款。证据显示出现违法、违规行为将导致采购活动终止，并需重新开展采购，但未细化责任类型。

## 核心要求清单

1. 出现影响采购公正的违法、违规行为时，应终止采购活动
2. 需发布项目终止公告并说明原因
3. 重新开展采购活动

## 依据条款

- 条款：第五十条第（二）项；来源法规：政府采购非招标采购方式管理办法(中华人民共和国财政部令第74号)
- 条款：第22条；来源法规：扬州市财政局关于开展2022年全市政府采购代理机构监督检查评价工作的通知（引用依据包括《政府采购法》《政府采购法实施条例》《财政部令第19号》《财政部令第87号》等）

## 适用条件

适用于采用非招标采购方式（询价、竞争性谈判等）的采购活动中，出现影响采购公正的违法、违规行为的情形。

## 风险提示

1. 现有证据为部门规章和地方工作文件，未涵盖全部法律责任类型
2. 完整的代理机构法律责任体系需依据《政府采购法》第七十一条至七十九条及《政府采购法实施条例》相关条款确定
3. 具体责任形式（责令改正、罚款、没收违法所得、禁止代理业务等）需查阅财政部令第19号、87号等更完整规定"
基础概念与实务100,95,OK,22977,6,0.45398144603631985,财政部关于印发《政府采购评审专家管理办法》的通知 第六条（财库〔2016〕198号）,如果评审专家泄露评审信息，应承担什么责任？,"1) 结论
评审专家泄露评审信息的法律责任包括：**行政处罚**（警告、罚款、禁止参加评审活动）、**刑事责任**（构成犯罪的依法追究）、**民事责任**（赔偿他人损失），同时评审意见无效、违法所得没收。

2) 核心要求清单
- **行政处罚**：警告，2000元以上2万元以下罚款；影响中标成交的，处2万元以上5万元以下罚款，禁止参加政府采购评审活动
- **刑事责任**：构成犯罪的，依法追究刑事责任
- **民事责任**：给他人造成损失的，依法承担民事责任
- **其他后果**：评审意见无效，有违法所得的没收违法所得

3) 依据条款
- **行政处罚责任**：条款：《政府采购评审专家管理办法》第二十七条；来源法规：财政部关于印发《政府采购评审专家管理办法》的通知（财库〔2016〕198号）
- **刑事责任/民事责任**：条款：《政府采购评审专家管理办法》第二十七条；来源法规：财政部关于印发《政府采购评审专家管理办法》的通知（财库〔2016〕198号）
- **行政责任（重复规定）**：条款：《中华人民共和国政府采购法实施条例》第七十五条；来源法规：中华人民共和国政府采购法实施条例（国务院令第658号）
- **保密义务**：条款：第十六条第四款；来源法规：政府采购评审专家管理办法

4) 适用条件
- 泄露评审文件、评审情况
- 评审专家未按照采购文件规定的评审程序、评审方法和评审标准进行独立评审或者泄露评审文件、评审情况的

5) 风险提示
- 泄露评审信息即使未影响中标结果，仍需承担行政处罚责任
- 评审意见无效，不得获取评审费
- 构成犯罪的，依法追究刑事责任，不受上述罚款金额限制"
基础概念与实务100,96,OK,26584,6,0.4003741653439284,财政部关于印发《政府和社会资本合作项目政府采购管理办法》的通知 第八条（财库〔2014〕215号）,财政部门在政府采购中的监管职责是什么？,"## 1. 结论

财政部门在政府采购中的监管职责主要包括：**依法处理供应商投诉**、**监督管理政府采购活动**。县级以上各级人民政府财政部门是负责政府采购监督的部门，依法履行对政府采购活动的监督管理职责。

## 2. 核心要求清单

- 县级以上财政部门负责依法处理供应商投诉
- 遵循依法、公平、高效的原则处理政府采购纠纷
- 依法履行对政府采购活动的监督管理职责
- 采购人应明确内部归口管理部门，建立内部控制制度

## 3. 依据条款

**条款**：各级财政部门是负责政府采购监督的部门，依法履行对政府采购活动的监督管理职责；县级以上各级人民政府财政部门负责依法处理供应商投诉
**来源法规**：关于进一步规范政府采购投诉处理工作的通知（苏财购〔2021〕4号）第一条

**条款**：采购人应当明确内部归口管理部门，具体负责本单位、本系统的政府采购执行管理。归口管理部门应当牵头建立本单位政府采购内部控制制度
**来源法规**：财政部关于加强政府采购活动内部控制管理的指导意见（财库〔2016〕99号）第一条

**条款**：在江苏省行政区域内代理政府采购事宜的机构，必须依法经财政厅认定或备案政府采购代理机构资格
**来源法规**：江苏省政府采购代理机构资格管理暂行办法第五条

## 4. 适用条件

- 适用于县级以上各级人民政府财政部门
- 投诉处理适用于供应商依法提出投诉的情形
- 代理机构资格管理适用于在江苏省行政区域内从事政府采购代理业务的机构

## 5. 风险提示

个别地区将政府采购监管职能（包括投诉处理）从财政部门划出，违反了相关法律规定，必须予以纠正。"
基础概念与实务100,97,OK,37477,4,0.5084205012275668,财政部关于进一步做好政府采购信息公开工作有关事项的通知（财库〔2017〕86号）,政府采购信息是否必须公开？,"**结论：政府采购信息必须公开。**

**核心要求清单：**
1. 采购项目公告、采购文件、采购项目预算金额、采购结果、采购合同等信息必须公开
2. 实现政府采购项目的全过程信息公开
3. 投诉和监督检查处理决定、集中采购机构考核结果、违法失信行为记录等监管处罚信息必须公开
4. 协议供货和定点采购的具体成交记录必须公开（包括采购人和成交供应商名称、成交金额、成交标的的名称、规格型号、数量、单价等）
5. 电子卖场、电子商城、网上超市的具体成交记录也应当公开

**依据条款：**
- 条款：应当公告政府采购信息而未公告的，由同级人民政府财政部门责令限期改正，给予警告；对直接负责的主管人员和其他直接责任人员，由其行政主管部门或者有关机关给予处分，并予通报
  来源法规：《政府采购信息公告管理办法》第三十条第一项
- 条款：各地区、各部门应当按照《政府采购法》、《政府采购法实施条例》和《财政部关于做好政府采购信息公开工作的通知》(财库〔2015〕135号)规定，认真做好政府采购信息公开工作。采购人或者其委托的采购代理机构应当切实做好采购项目公告、采购文件、采购项目预算金额、采购结果、采购合同等采购项目信息公开工作，实现政府采购项目的全过程信息公开
  来源法规：财政部关于进一步做好政府采购信息公开工作有关事项的通知（财库〔2017〕86号）第二条第四款
- 条款：除按照规定在中国政府采购网及地方分网公开入围采购阶段的相关信息外，还应当公开具体成交记录
  来源法规：财政部关于进一步做好政府采购信息公开工作有关事项的通知（财库〔2017〕86号）第二条第五款

**适用条件：**
- 适用于各级采购人及其委托的采购代理机构
- 适用于集中采购机构
- 适用于协议供货、定点采购、电子卖场、电子商城、网上超市等各类采购形式

**风险提示：**
未依法公开政府采购信息的，将被责令限期改正，给予警告；对直接负责的主管人员和其他直接责任人员，由其行政主管部门或者有关机关给予处分，并予通报。"
基础概念与实务100,98,OK,37480,6,0.41077503442986235,政府采购需求管理办法 第二十三条（财库〔2021〕22号）,如果采购合同履行过程中出现争议，应如何解决？,"1) 结论

采购合同履行过程中出现争议时，**应当在合同签订前预先约定解决争议的方法**。根据《政府采购需求管理办法》的规定，合同文本应当包含“违约责任与解决争议的方法”等必备条款。同时，采购人应识别合同履行过程中的风险，并提出有针对性的处置措施和替代方案。

---

2) 核心要求清单

- **合同约定必备条款**：合同文本应当包含“违约责任与解决争议的方法”（《政府采购需求管理办法》第二十三条）
- **风险识别与管控**：应识别合同履行过程中的风险，包括“不按规定签订或者履行合同”等情形，提出有针对性的处置措施和替代方案（《政府采购需求管理办法》第十一条）
- **争议解决方式**：具体争议解决方式应在合同中明确约定（如协商、调解、仲裁或诉讼等）

---

3) 依据条款

- 条款：“合同文本应当包含法定必备条款和采购需求的所有内容，包括但不限于……违约责任与解决争议的方法等”；来源法规：《政府采购需求管理办法》第二十三条（财库〔2021〕22号）
- 条款：“采购过程和合同履行过程中的风险包括国家政策变化、实施环境变化、重大技术变化、预算项目调整、因质疑投诉影响采购进度、采购失败、不按规定签订或者履行合同、出现损害国家利益和社会公共利益情形等”；来源法规：《政府采购需求管理办法》第十一条（财库〔2021〕22号）

---

4) 适用条件

- 适用于所有政府采购合同的签订和履行过程
- 采购人应根据项目特点，在合同中明确约定具体的争议解决方法（如协商、仲裁或诉讼等）
- 对于长期运行项目，应充分考虑成本、收益及重大市场风险，在合同中约定成本补偿、风险分担事项

---

5) 风险提示

- **合同约定不明风险**：若合同中未明确约定解决争议的方法，可能导致争议发生时缺乏处理依据
- **履约风险**：未识别合同履行过程中的风险并制定处置方案，可能导致损失扩大或损害国家利益、社会公共利益
- **变更终止风险**：擅自变更、中止或终止政府采购合同属于违规行为（《政府采购法实施条例》第六十七条）"
基础概念与实务100,99,OK,40744,6,0.570448762330725,中华人民共和国政府采购法实施条例（中华人民共和国国务院令 第658号） 第七十二条 （一）,政府采购合同是否属于行政合同？,"## 结论

**政府采购合同在现行法律框架下不属于行政合同，而应适用民事合同的相关规定。**

---

## 核心要求清单

1. 政府采购合同适用合同法（民法典合同编）
2. 采购人与供应商之间的权利义务关系遵循平等原则
3. 政府采购合同争议可通过民事诉讼途径解决

---

## 依据条款

- **条款**：第四十三条  
  **来源法规**：《中华人民共和国政府采购法》第四十三条明确规定：""政府采购合同适用合同法。采购人与供应商之间的权利和义务，应当按照平等、自愿的原则以合同方式约定。""

---

## 适用条件

- 采购人与供应商之间签订政府采购合同时
- 发生政府采购合同争议时

---

## 风险提示

1. **法律性质争议**：虽然实践中对政府采购合同的行政合同属性存在讨论，但现行法律明确规定其适用合同法（民法典合同编），体现民事合同性质
2. **救济途径**：供应商对采购结果有异议的，需通过质疑、投诉等政府采购程序救济；合同履行争议则通过民事诉讼解决
3. **行政优益权限制**：与典型行政合同不同，政府采购合同中采购人虽具有某些特殊权力（如变更解除合同），但这些权力仍受合同法规则约束"
基础概念与实务100,100,OK,52261,6,0.30826920159363974,政府采购质疑和投诉办法（中华人民共和国财政部令第94号） 第三十二条 （一）,在什么情况下政府采购合同可能被认定为无效？,"## 结论

政府采购合同可能在以下情况下被认定为无效：

1. **中标/成交结果被认定无效**（尚未签订合同的）
2. **供应商存在违法违规行为**（导致中标/成交无效的）
3. **合同存在法定撤销情形**

---

## 核心要求清单

| 情形类型 | 具体情形 | 法律后果 |
|---------|---------|---------|
| 中标/成交结果无效 | 财政部门经查证认定中标/成交结果无效 | 合同无效/撤销 |
| 供应商违法行为 | 向评审成员行贿或提供不正当利益 | 中标/成交无效 |
| 供应商违法行为 | 中标/成交后无正当理由拒不签订合同 | 中标/成交无效 |
| 供应商违法行为 | 未按照采购文件确定的事项签订合同 | 中标/成交无效 |
| 供应商违法行为 | 将政府采购合同转包 | 中标/成交无效 |
| 供应商违法行为 | 提供假冒伪劣产品 | 中标/成交无效 |
| 供应商违法行为 | 擅自变更、中止或终止合同 | 中标/成交无效 |
| 投诉影响采购结果 | 采购文件投诉事项成立且影响采购结果 | 撤销合同 |

---

## 依据条款

**条款**：第七十七条第一款
**来源法规**：中华人民共和国政府采购法实施条例

> 供应商有下列情形之一的，中标、成交无效：...（一）向评标委员会、竞争性谈判小组或者询价小组成员行贿或者提供其他不正当利益；（二）中标或者成交后无正当理由拒不与采购人签订政府采购合同；（三）未按照采购文件确定的事项签订政府采购合同；（四）将政府采购合同转包；（五）提供假冒伪劣产品；（六）擅自变更、中止或者终止政府采购合同。

**条款**：第三十二条第一款第（二）项、第（三）项
**来源法规**：政府采购质疑和投诉办法（中华人民共和国财政部令第94号）

> 已确定中标或者成交供应商但尚未签订政府采购合同的，认定中标或者成交结果无效...政府采购合同已经签订但尚未履行的，撤销合同。

**条款**：第三十一条第一款第（二）项、第（三）项
**来源法规**：政府采购质疑和投诉办法（中华人民共和国财政部令第94号）

> 已确定中标或者成交供应商但尚未签订政府采购合同的，认定中标或者成交结果无效，责令重新开展采购活动...政府采购合同已经签订但尚未履行的，撤销合同，责令重新开展采购活动。

---

## 适用条件

1. **财政部门查证属实**：投诉事项经财政部门查证属实的
2. **影响采购结果**：投诉事项影响或可能影响采购结果的
3. **中标/成交阶段**：供应商的违法行为发生在评审阶段或中标/成交后签订合同前
4. **合同未履行或已履行**：区分合同是否已签订、是否已履行来确定具体处理方式

---

## 风险提示

- 供应商存在上述违法违规行为，不仅导致中标/成交无效，还可能被追究法律责任
- 政府采购合同已签订并履行的，给他人造成损失的，相关当事人可依法提起诉讼，由责任人承担赔偿责任
- 投标保证金不符合要求的，将导致投标无效，进而影响后续合同签订"
